Date,Name,Year,Letterboxd URI,Rating
2024-07-06,School of Rock,2003,https://boxd.it/28xK,5
2024-07-06,Zootopia,2016,https://boxd.it/84xS,3
2024-07-06,10 Things I Hate About You,1999,https://boxd.it/23AO,4
2024-07-06,You've Got Mail,1998,https://boxd.it/1Yye,3
2024-07-06,Turtles All the Way Down,2024,https://boxd.it/l5xK,3
2024-07-06,The Perks of Being a Wallflower,2012,https://boxd.it/2ZA8,4
2024-07-06,NYAD,2023,https://boxd.it/xOSM,3
2024-07-06,Spider-Man: Into the Spider-Verse,2018,https://boxd.it/azpY,3
2024-07-06,Inside Out,2015,https://boxd.it/4KHC,3
2024-07-06,Mad Max: Fury Road,2015,https://boxd.it/2DjO,4
2024-07-06,(500) Days of Summer,2009,https://boxd.it/1EmM,5
2024-07-06,Napoleon Dynamite,2004,https://boxd.it/20wu,2
2024-07-08,Soul,2020,https://boxd.it/ioLA,4
2024-07-09,Wonka,2023,https://boxd.it/tCQm,2
2024-07-10,Bob Marley: One Love,2024,https://boxd.it/uckw,3
2024-07-10,Top Gun: Maverick,2022,https://boxd.it/cjr4,5
2024-07-10,There Will Be Blood,2007,https://boxd.it/20Z2,2
2024-07-10,When Harry Met Sally...,1989,https://boxd.it/29W2,3
2024-07-10,Yesterday,2019,https://boxd.it/iF7M,3
2024-07-10,The Courier,2020,https://boxd.it/iX7A,3
2024-07-16,The Breakfast Club,1985,https://boxd.it/27q4,3
2024-07-16,Pride & Prejudice,2005,https://boxd.it/24u8,4
2024-07-18,Gladiator,2000,https://boxd.it/2b9m,3
2024-07-25,Gosford Park,2001,https://boxd.it/239e,2
2024-07-25,North by Northwest,1959,https://boxd.it/2aRM,2
2024-07-25,Hard Miles,2023,https://boxd.it/CajW,3
2024-07-25,Coraline,2009,https://boxd.it/1NhQ,3
2024-07-27,Ronin,1998,https://boxd.it/20wa,4
2024-07-29,Avatar: The Way of Water,2022,https://boxd.it/2E2E,2
2024-07-29,The French Connection,1971,https://boxd.it/296g,1
2024-07-30,Howl's Moving Castle,2004,https://boxd.it/23De,4
2024-07-31,9/11: Inside the President's War Room,2021,https://boxd.it/w2Eg,3
2024-08-01,Spirited Away: Live on Stage,2022,https://boxd.it/BQhm,4
2024-08-01,Deadpool & Wolverine,2024,https://boxd.it/jq8s,2
2024-08-04,Knocked Up,2007,https://boxd.it/23yS,3
2024-08-04,This Is 40,2012,https://boxd.it/39WI,2
2024-08-05,Sideways,2004,https://boxd.it/1Y5c,2
2024-08-05,A Few Good Men,1992,https://boxd.it/29nw,5
2024-08-05,Joy Ride,2023,https://boxd.it/wEeK,2
2024-08-05,Léon: The Professional,1994,https://boxd.it/2b8S,3
2024-08-08,Booksmart,2019,https://boxd.it/igNS,3
2024-08-08,Goldfinger,1964,https://boxd.it/29SY,2
2024-08-13,Napoleon,2023,https://boxd.it/shJM,3
2024-08-13,The Prestige,2006,https://boxd.it/293w,4
2024-08-13,Nightmare Alley,2021,https://boxd.it/m0HC,2
2024-08-13,Death on the Nile,2022,https://boxd.it/ifpg,3
2024-08-13,The Grand Budapest Hotel,2014,https://boxd.it/3ZqO,4
2024-08-19,Pirates of the Caribbean: The Curse of the Black Pearl,2003,https://boxd.it/70G,3
2024-08-19,Pirates of the Caribbean: Dead Man's Chest,2006,https://boxd.it/2bfk,3
2024-08-20,Sleepless in Seattle,1993,https://boxd.it/29re,4
2024-08-20,How to Lose a Guy in 10 Days,2003,https://boxd.it/1XwG,3
2024-08-25,The Guernsey Literary & Potato Peel Pie Society,2018,https://boxd.it/g68w,3
2024-08-26,Hit Man,2023,https://boxd.it/ANB2,3
2024-08-26,The Instigators,2024,https://boxd.it/E4jA,4
2024-09-02,Twisters,2024,https://boxd.it/qV7a,3
2024-09-02,Scoop,2024,https://boxd.it/EZu6,2
2024-09-02,Boiling Point,2021,https://boxd.it/uo2u,4
2024-09-08,Serena,2014,https://boxd.it/56Lw,2
2024-09-09,Watchmen,2009,https://boxd.it/1QE4,4
2024-09-21,Furiosa: A Mad Max Saga,2024,https://boxd.it/tABk,4
2024-09-28,Hayao Miyazaki and the Heron,2024,https://boxd.it/Njam,3
2024-09-28,Ponyo,2008,https://boxd.it/1S0A,4
2024-09-28,Four Weddings and a Funeral,1994,https://boxd.it/29KA,3
2024-09-28,Erin Brockovich,2000,https://boxd.it/2al2,4
2024-09-28,Five Feet Apart,2019,https://boxd.it/jaAK,3
2024-09-28,One Life,2023,https://boxd.it/sAhC,3
2024-09-28,American Sniper,2014,https://boxd.it/5LDy,3
2024-09-28,Wolfs,2024,https://boxd.it/x6zG,3
2024-09-29,Perfect Days,2023,https://boxd.it/ATh8,4
2024-10-06,It's What's Inside,2024,https://boxd.it/DOV4,4
2024-10-08,Rebel Ridge,2024,https://boxd.it/nZum,3
2024-10-09,The Terminal,2004,https://boxd.it/2a2O,3
2024-10-09,The Substance,2024,https://boxd.it/zanS,3
2024-10-12,Once Upon a Time... in Hollywood,2019,https://boxd.it/gH0O,2
2024-10-12,Guardians of the Galaxy,2014,https://boxd.it/3VH2,2
2024-10-12,Rogue,2020,https://boxd.it/qUbq,1
2024-10-12,The Holdovers,2023,https://boxd.it/vHza,4
2024-10-12,Anatomy of a Fall,2023,https://boxd.it/yuDE,3
2024-10-12,Lady Bird,2017,https://boxd.it/dGNE,4
2024-10-12,Spirited Away,2001,https://boxd.it/2b4m,5
2024-10-13,Birdman or (The Unexpected Virtue of Ignorance),2014,https://boxd.it/5RFA,2
2024-10-13,Lost in Translation,2003,https://boxd.it/2b0E,4
2024-10-14,The Secret Life of Walter Mitty,2013,https://boxd.it/3SWy,4
2024-10-14,Pretty Woman,1990,https://boxd.it/2b6M,4
2024-10-15,Murder Mystery 2,2023,https://boxd.it/nHOo,3
2024-10-16,Moonrise Kingdom,2012,https://boxd.it/2Wng,4
2024-10-18,Her,2013,https://boxd.it/4O24,3
2024-10-20,Lars and the Real Girl,2007,https://boxd.it/21tG,3
2024-10-21,Notting Hill,1999,https://boxd.it/2aeK,4
2024-10-24,Bridget Jones's Diary,2001,https://boxd.it/29WQ,2
2024-10-30,The Devil Wears Prada,2006,https://boxd.it/2awE,3
2024-11-01,Barbarian,2022,https://boxd.it/yohi,3
2024-11-02,Jennifer's Body,2009,https://boxd.it/1Efw,3
2024-11-04,Jurassic Park,1993,https://boxd.it/2aA2,4
2024-11-04,A Man Called Otto,2022,https://boxd.it/zl06,4
2024-11-09,Dead Poets Society,1989,https://boxd.it/2aSg,5
2024-11-10,3 Days in Malay,2023,https://boxd.it/HB4k,1
2024-11-10,Portrait of a Lady on Fire,2019,https://boxd.it/jkPq,4
2024-11-11,Whiplash,2014,https://boxd.it/7bQA,4
2024-11-16,The Sound of Music,1965,https://boxd.it/1MLK,5
2024-11-24,Good Will Hunting,1997,https://boxd.it/2ahY,5
2024-11-25,Submarine,2010,https://boxd.it/H4a,4
2024-11-30,Phantom Thread,2017,https://boxd.it/e4uc,4
2024-11-30,"tick, tick... BOOM!",2021,https://boxd.it/jz2e,5
2024-12-02,Zero Dark Thirty,2012,https://boxd.it/3n1w,4
2024-12-09,Anora,2024,https://boxd.it/Egcw,3
2024-12-11,Gladiator II,2024,https://boxd.it/kqQQ,3
2024-12-15,The Wonderful Story of Henry Sugar,2023,https://boxd.it/yNyo,4
2024-12-15,Paddington,2014,https://boxd.it/3RKw,4
2024-12-20,Holidate,2020,https://boxd.it/mLcc,3
2024-12-26,Love Actually,2003,https://boxd.it/2aeU,4
2024-12-26,A Charlie Brown Christmas,1965,https://boxd.it/1QDq,5
2025-01-01,The Holiday,2006,https://boxd.it/28ye,4
2025-01-01,Almost Famous,2000,https://boxd.it/29CQ,3
2025-01-01,Mona Lisa Smile,2003,https://boxd.it/1T0Q,3
2025-01-02,Nosferatu,2024,https://boxd.it/f5eG,2
2025-01-05,Carry-On,2024,https://boxd.it/C0B2,3
2025-01-06,Horizon: An American Saga – Chapter 1,2024,https://boxd.it/z7yy,2
2025-01-06,The Peanuts Movie,2015,https://boxd.it/6Jci,4
2025-01-09,Grease,1978,https://boxd.it/29YW,5
2025-01-11,Mr. & Mrs. Smith,2005,https://boxd.it/29CG,2
2025-01-11,13 Going on 30,2004,https://boxd.it/1X6e,3
2025-01-14,Eternal Sunshine of the Spotless Mind,2004,https://boxd.it/6YK,3
2025-01-17,The Order,2024,https://boxd.it/EVrs,3
2025-01-19,Juror #2,2024,https://boxd.it/FRwU,2
2025-01-19,My Old Ass,2024,https://boxd.it/zLP0,3
2025-01-21,Se7en,1995,https://boxd.it/29zs,2
2025-01-25,The Wild Robot,2024,https://boxd.it/IWFy,4
2025-01-30,The Six Triple Eight,2024,https://boxd.it/Ear6,3
2025-02-01,Blitz,2024,https://boxd.it/xR8i,3
2025-02-02,Conclave,2024,https://boxd.it/AO8q,4
2025-02-04,What You Wish For,2023,https://boxd.it/GByC,3
2025-02-05,Companion,2025,https://boxd.it/F04o,4
2025-02-06,A Beautiful Mind,2001,https://boxd.it/2amk,3
2025-02-08,Little Women,2019,https://boxd.it/aSVk,4
2025-02-09,Sing Sing,2023,https://boxd.it/HIBA,4
2025-02-10,Ambulance,2022,https://boxd.it/sFxg,3
2025-02-11,50 First Dates,2004,https://boxd.it/285c,4
2025-02-12,The Fabelmans,2022,https://boxd.it/ugoM,2
2025-02-13,She Said,2022,https://boxd.it/vBaI,2
2025-02-14,La La Land,2016,https://boxd.it/a5fa,5
2025-02-15,Dear Evan Hansen,2021,https://boxd.it/kOP8,3
2025-02-16,"Be My Valentine, Charlie Brown",1975,https://boxd.it/1iso,4
2025-02-16,A Charlie Brown Valentine,2002,https://boxd.it/1qk8,3
2025-02-16,The Gorge,2025,https://boxd.it/zRqK,2
2025-02-17,Groundhog Day,1993,https://boxd.it/2b3e,4
2025-02-18,Superbad,2007,https://boxd.it/20hO,5
2025-02-22,13 Hours: The Secret Soldiers of Benghazi,2016,https://boxd.it/9yzQ,3
2025-03-01,The Outrun,2024,https://boxd.it/txPo,3
2025-03-01,Saturday Night,2024,https://boxd.it/Gpfo,3
2025-03-01,A Real Pain,2024,https://boxd.it/CjNG,4
2025-03-08,The Parent Trap,1998,https://boxd.it/1XJq,3
2025-03-09,Ferris Bueller's Day Off,1986,https://boxd.it/1YPY,5
2025-03-10,Swingers,1996,https://boxd.it/1WNc,4
2025-03-13,Nickel Boys,2024,https://boxd.it/CStQ,4
2025-03-13,Past Lives,2023,https://boxd.it/oNB8,4
2025-03-16,One Week,1920,https://boxd.it/1zr8,5
2025-03-16,The Scarecrow,1920,https://boxd.it/BB8,2
2025-03-16,Princess Mononoke,1997,https://boxd.it/2b4w,4
2025-03-17,The 40 Year Old Virgin,2005,https://boxd.it/21hK,2
2025-03-17,The Lego Movie,2014,https://boxd.it/4pDO,4
2025-03-18,September 5,2024,https://boxd.it/JYsI,4
2025-03-18,One Day in September,1999,https://boxd.it/1esu,3
2025-03-19,Munich,2005,https://boxd.it/2a0e,3
2025-03-20,The Big Sick,2017,https://boxd.it/eHvy,4
2025-03-21,Sonic the Hedgehog 3,2024,https://boxd.it/zq0U,3
2025-03-21,Big Fish,2003,https://boxd.it/2a3M,4
2025-03-23,Big,1988,https://boxd.it/271S,5
2025-03-23,Amadeus,1984,https://boxd.it/2aH8,4
2025-03-24,The Truman Show,1998,https://boxd.it/18U8,2
2025-03-26,Rush Hour,1998,https://boxd.it/27pU,4
2025-03-27,Rush Hour 2,2001,https://boxd.it/23ga,3
2025-03-28,A Complete Unknown,2024,https://boxd.it/oBYa,4
2025-03-29,Black Bag,2025,https://boxd.it/KRbM,3
2025-03-29,Sherlock Jr.,1924,https://boxd.it/298m,4
2025-03-31,The Royal Tenenbaums,2001,https://boxd.it/1YHU,2
2025-03-31,The Talented Mr. Ripley,1999,https://boxd.it/2924,4
2025-04-01,Rush Hour 3,2007,https://boxd.it/23gk,3
2025-04-02,Poison,2023,https://boxd.it/Is7Q,4
2025-04-02,"The French Dispatch of the Liberty, Kansas Evening Sun",2021,https://boxd.it/jLP8,3
2025-04-05,Grand Prix,1966,https://boxd.it/1DzK,4
2025-04-06,Flow,2024,https://boxd.it/v1Ei,4
2025-04-07,"Are You There God? It's Me, Margaret.",2023,https://boxd.it/kiYC,4
2025-04-08,Fire of Love,2022,https://boxd.it/yoPY,5
2025-04-09,Paddington 2,2017,https://boxd.it/bCF8,4
2025-04-10,Greedy People,2024,https://boxd.it/ANiu,3
2025-04-11,At Eternity's Gate,2018,https://boxd.it/hI40,3
2025-04-12,Speed Racer,2008,https://boxd.it/20UQ,4
2025-04-13,Y Tu Mamá También,2001,https://boxd.it/28QM,4
2025-04-14,Mickey 17,2025,https://boxd.it/q1Dk,3
2025-04-16,12 Angry Men,1957,https://boxd.it/2auI,4
2025-04-18,Ocean's Eleven,2001,https://boxd.it/2aZm,5
2025-04-18,"Monsters, Inc.",2001,https://boxd.it/2a46,5
2025-04-19,Barry Lyndon,1975,https://boxd.it/25A2,2
2025-04-20,Better Man,2024,https://boxd.it/u6t8,3
2025-04-25,Freedom Writers,2007,https://boxd.it/28p2,5
2025-04-25,A Bug's Life,1998,https://boxd.it/1Yyy,4
2025-04-27,Challengers,2024,https://boxd.it/zld0,4
2025-04-28,Clerks,1994,https://boxd.it/2706,3
2025-04-28,Clerks II,2006,https://boxd.it/26ZC,2
2025-04-28,Boston Strangler,2023,https://boxd.it/xfiY,3
2025-04-29,The Double,2013,https://boxd.it/4DLW,5
2025-04-30,The Lighthouse,2019,https://boxd.it/icFU,2
2025-05-03,Kiki's Delivery Service,1989,https://boxd.it/1JAY,4
2025-05-08,"Crazy, Stupid, Love.",2011,https://boxd.it/D9A,4
2025-05-10,Chime,2024,https://boxd.it/KiS2,3
2025-05-10,The Girl Next Door,2004,https://boxd.it/1VSq,4
2025-05-10,Election,1999,https://boxd.it/1YEc,3
2025-05-11,The Descendants,2011,https://boxd.it/4Ba,3
2025-05-11,Born to Be Blue,2015,https://boxd.it/aGYG,3
2025-05-12,The Pelican Brief,1993,https://boxd.it/1Xt8,3
2025-05-12,Slackers,2002,https://boxd.it/1EdA,2
2025-05-13,Premium Rush,2012,https://boxd.it/FQw,4
2025-05-19,Runaway Bride,1999,https://boxd.it/23Om,3
2025-05-19,Ticket to Paradise,2022,https://boxd.it/u8Cc,3
2025-05-20,About Time,2013,https://boxd.it/43bI,4
2025-05-23,The Weather Man,2005,https://boxd.it/21gM,4
2025-05-24,Ace Ventura: Pet Detective,1994,https://boxd.it/25RW,3
2025-05-25,Nick and Norah's Infinite Playlist,2008,https://boxd.it/1Slo,4
2025-05-26,Den of Thieves 2: Pantera,2025,https://boxd.it/mjHm,4
2025-05-27,The Accountant,2016,https://boxd.it/9EhI,4
2025-05-27,The Accountant²,2025,https://boxd.it/wOm0,2
2025-05-27,Scent of a Woman,1992,https://boxd.it/1YAu,4
2025-05-28,Adaptation.,2002,https://boxd.it/26mA,3
2025-05-30,Bernie,2011,https://boxd.it/3eWe,4
2025-05-31,Sweet Home Alabama,2002,https://boxd.it/1TDo,2
2025-05-31,Atonement,2007,https://boxd.it/24ui,3
2025-06-01,Elizabethtown,2005,https://boxd.it/1Ydq,3
2025-06-05,Little Manhattan,2005,https://boxd.it/1JXS,4
2025-06-05,What If,2013,https://boxd.it/6ljk,3
2025-06-05,Inheritance,2024,https://boxd.it/Nvis,3
2025-06-05,Easy A,2010,https://boxd.it/17DK,3
2025-06-05,But I'm a Cheerleader,1999,https://boxd.it/1CW4,4
2025-06-05,Roman Holiday,1953,https://boxd.it/29zW,3
2025-06-05,The Sisterhood of the Traveling Pants,2005,https://boxd.it/1XPo,3
2025-06-08,Meet the Parents,2000,https://boxd.it/28vE,3
2025-06-08,Meet the Fockers,2004,https://boxd.it/29NE,3
2025-06-08,Little Fockers,2010,https://boxd.it/13Ea,2
2025-06-09,Joy,2024,https://boxd.it/IUU2,3
2025-06-09,Fried Green Tomatoes,1991,https://boxd.it/28qY,3
2025-06-10,Call Me by Your Name,2017,https://boxd.it/dYmm,4
2025-06-11,Mission: Impossible – The Final Reckoning,2025,https://boxd.it/l7A2,3
2025-06-13,Mountainhead,2025,https://boxd.it/Sskq,2
2025-06-14,A Different Man,2024,https://boxd.it/BoEC,3
2025-06-15,Bottoms,2023,https://boxd.it/uGf2,3
2025-06-15,The Ballad of Wallis Island,2025,https://boxd.it/GqT0,5
2025-06-15,The One and Only Herb McGwyer Plays Wallis Island,2007,https://boxd.it/bJg0,4
2025-06-17,"Good Morning, Vietnam",1987,https://boxd.it/29Aq,3
2025-06-18,The Worst Person in the World,2021,https://boxd.it/oyws,4
2025-06-20,The Swan,2023,https://boxd.it/Is80,4
2025-06-20,The Rat Catcher,2023,https://boxd.it/Is8a,3
2025-06-20,The Amateur,2025,https://boxd.it/F9NW,3
2025-06-21,Sinners,2025,https://boxd.it/KQMM,3
2025-06-22,Warfare,2025,https://boxd.it/LbRo,4
2025-06-22,What Happened Was...,1994,https://boxd.it/2WAk,4
2025-06-23,Rent,2005,https://boxd.it/2844,3
2025-06-24,Rent,2019,https://boxd.it/kpde,4
2025-06-25,John Tucker Must Die,2006,https://boxd.it/1Z2S,3
2025-06-25,The Hudsucker Proxy,1994,https://boxd.it/1SJA,3
2025-06-26,The Master,2012,https://boxd.it/2cBG,3
2025-06-28,Something's Gotta Give,2003,https://boxd.it/21gC,3
2025-06-29,The Great Muppet Caper,1981,https://boxd.it/1N9i,4
2025-06-30,Jim Henson Idea Man,2024,https://boxd.it/MwJs,4
2025-06-30,The Muppet Movie,1979,https://boxd.it/1UrS,3
2025-07-01,All the President's Men,1976,https://boxd.it/29lU,4
2025-07-03,High Fidelity,2000,https://boxd.it/2aMW,2
2025-07-04,The Intern,2015,https://boxd.it/7AOE,3
2025-07-05,Airplane!,1980,https://boxd.it/29yu,3
2025-07-06,Snatch,2000,https://boxd.it/2b7U,2
2025-07-06,Arrival,2016,https://boxd.it/aNGk,5
2025-07-06,Me and You and Everyone We Know,2005,https://boxd.it/28RK,4
2025-07-06,Man on Wire,2008,https://boxd.it/1ORK,3
2025-07-07,American Pie,1999,https://boxd.it/27qy,3
2025-07-07,Scott Pilgrim vs. the World,2010,https://boxd.it/1Aq6,5
2025-07-10,Me and Earl and the Dying Girl,2015,https://boxd.it/9SAE,4
2025-07-11,"O Brother, Where Art Thou?",2000,https://boxd.it/2b3I,3
2025-07-13,Quiz Show,1994,https://boxd.it/1TPa,3
2025-07-13,Good Boys,2019,https://boxd.it/iW1G,4
2025-07-14,The Italian Job,2003,https://boxd.it/1Y86,3
2025-07-14,The Phoenician Scheme,2025,https://boxd.it/H0Ca,4
2025-07-15,In the Mood for Love,2000,https://boxd.it/29tE,4
2025-07-15,In the Mood for Love 2001,2001,https://boxd.it/SUr0,3
2025-07-16,The Last Duel,2021,https://boxd.it/mQbe,3
2025-07-17,Rocketman,2019,https://boxd.it/iehK,3
2025-07-19,Mr. Brooks,2007,https://boxd.it/25nW,3
2025-07-20,Flight Risk,2025,https://boxd.it/GzHW,3
2025-07-21,Rushmore,1998,https://boxd.it/1TAO,5
2025-07-25,Superman,2025,https://boxd.it/E9IU,3
2025-07-27,The Muppets Take Manhattan,1984,https://boxd.it/1SP4,4
2025-07-27,Bridge of Spies,2015,https://boxd.it/9n9C,5
2025-07-27,The Favourite,2018,https://boxd.it/d2hI,3
2025-07-28,Into the Inferno,2016,https://boxd.it/cfue,4
2025-07-29,One Hour Photo,2002,https://boxd.it/1YT2,3
2025-07-29,The Kid,1921,https://boxd.it/1X5U,4
2025-07-30,The Jungle Book,2016,https://boxd.it/8wjk,3
2025-08-02,The Fantastic 4: First Steps,2025,https://boxd.it/mP6C,3
2025-08-03,Youth in Revolt,2009,https://boxd.it/1AK6,5
2025-08-07,Dark Waters,2019,https://boxd.it/kaYu,4
2025-08-07,"Good Night, and Good Luck.",2005,https://boxd.it/25vG,3
2025-08-08,Death of a Salesman,1985,https://boxd.it/1Rzu,1
2025-08-08,Wet Hot American Summer,2001,https://boxd.it/27hw,4
2025-08-09,Speed,1994,https://boxd.it/28qk,4
2025-08-09,The Incredibles,2004,https://boxd.it/1XLm,5
2025-08-09,Incredibles 2,2018,https://boxd.it/7IPg,3
2025-08-10,Only the Brave,2017,https://boxd.it/dRqw,3
2025-08-10,Upgrade,2018,https://boxd.it/i4gW,4
2025-08-10,Minority Report,2002,https://boxd.it/2aWi,3
2025-08-11,The Running Man,1987,https://boxd.it/29q6,3
2025-08-11,Kindergarten Cop,1990,https://boxd.it/29dm,5
2025-08-12,Days of Thunder,1990,https://boxd.it/27os,2
2025-08-13,Point Break,1991,https://boxd.it/2958,3
2025-08-15,Weapons,2025,https://boxd.it/EMTM,4
2025-08-18,27 Dresses,2008,https://boxd.it/21x4,4
2025-08-18,The Ugly Truth,2009,https://boxd.it/1CFi,3
2025-08-22,The Fighter,2010,https://boxd.it/PP4,2
2025-08-22,Leap Year,2010,https://boxd.it/1wdC,3
2025-08-24,Friendship,2024,https://boxd.it/L6Dc,3
2025-08-25,The Report,2019,https://boxd.it/j2X2,3
2025-08-25,Being John Malkovich,1999,https://boxd.it/2ahu,4
2025-08-25,Little Miss Sunshine,2006,https://boxd.it/29EW,5
2025-08-30,Magnolia,1999,https://boxd.it/2aze,3
2025-08-31,The Apprentice,2024,https://boxd.it/IPqG,3
2025-08-31,Brothers,2024,https://boxd.it/mNdQ,1
2025-09-01,Mamma Mia!,2008,https://boxd.it/1Tnq,4
2025-09-01,Mamma Mia! Here We Go Again,2018,https://boxd.it/gnfO,2
2025-09-02,Tropic Thunder,2008,https://boxd.it/20WM,3
2025-09-02,Training Day,2001,https://boxd.it/27A4,4
2025-09-02,Frances Ha,2012,https://boxd.it/41Xg,4
2025-09-07,The Matrix,1999,https://boxd.it/2a1m,4
2025-09-08,Decision to Leave,2022,https://boxd.it/qp9e,4
2025-09-09,On the Count of Three,2021,https://boxd.it/tbfI,3
2025-09-09,Prisoners,2013,https://boxd.it/4E5i,4
2025-09-10,Materialists,2025,https://boxd.it/GZlW,3
2025-09-12,Hot Potato: The Story of The Wiggles,2023,https://boxd.it/D7FM,3
2025-09-14,Pain and Glory,2019,https://boxd.it/iOBQ,4
2025-09-14,"sex, lies, and videotape",1989,https://boxd.it/28Oc,4
2025-09-15,Redacted,2007,https://boxd.it/1Tsg,1
2025-09-15,Swiss Army Man,2016,https://boxd.it/bDG2,4
2025-09-15,No Hard Feelings,2023,https://boxd.it/xouu,4
2025-09-16,Happyend,2024,https://boxd.it/rnUa,5
2025-09-17,Columbus,2017,https://boxd.it/eCuA,3
2025-09-19,Deep Cover,2025,https://boxd.it/L6ec,4
2025-09-21,Capote,2005,https://boxd.it/2atq,4
2025-09-23,Theater Camp,2023,https://boxd.it/Bfbm,3
2025-09-23,Prisoner of War,2025,https://boxd.it/OIQk,2
2025-09-24,The Life of Chuck,2024,https://boxd.it/vMTu,3
2025-09-25,Mission: Impossible II,2000,https://boxd.it/29cS,3
2025-09-26,Jiro Dreams of Sushi,2011,https://boxd.it/2ONU,3
2025-09-26,Inside Man,2006,https://boxd.it/2auS,5
2025-10-02,I'm Still Here,2024,https://boxd.it/BPEO,5
2025-10-02,The Birdcage,1996,https://boxd.it/1UTi,4
2025-10-06,Swallow,2019,https://boxd.it/lA0i,3
2025-10-06,Detachment,2011,https://boxd.it/2BiY,4
2025-10-06,The Thin Red Line,1998,https://boxd.it/1ZTM,1
2025-10-06,Soulmate,2023,https://boxd.it/mQQQ,5
2025-10-07,The Thursday Murder Club,2025,https://boxd.it/rXju,4
2025-10-08,KPop Demon Hunters,2025,https://boxd.it/ufwK,3
2025-10-08,Music and Lyrics,2007,https://boxd.it/1Usw,3
2025-10-09,Dan in Real Life,2007,https://boxd.it/218y,5
2025-10-10,The Good Shepherd,2006,https://boxd.it/291g,4
2025-10-12,The Greatest Showman,2017,https://boxd.it/acjI,3
2025-10-13,There's Something About Mary,1998,https://boxd.it/2aae,3
2025-10-13,Norbit,2007,https://boxd.it/1XSM,4
2025-10-17,Swing Girls,2004,https://boxd.it/1ag0,5
2025-10-18,Sing Street,2016,https://boxd.it/cOo6,5
2025-10-19,Nobody Knows,2004,https://boxd.it/26E0,4
2025-10-20,Ex Machina,2015,https://boxd.it/7T2k,3
2025-10-21,In the Name of the Father,1993,https://boxd.it/20I6,4
2025-10-21,The Post,2017,https://boxd.it/fTeG,4
2025-10-21,Trap,2024,https://boxd.it/D4nK,4
2025-10-22,The Bourne Identity,2002,https://boxd.it/26EO,5
2025-10-28,All We Imagine as Light,2024,https://boxd.it/yXaQ,3
2025-10-28,The Loneliest Whale: The Search for 52,2021,https://boxd.it/uXPm,3
2025-10-28,Ford v Holden,2023,https://boxd.it/J1mm,3
2025-10-30,The Bourne Supremacy,2004,https://boxd.it/26EE,3
2025-10-31,The Da Vinci Code,2006,https://boxd.it/2a3i,3
2025-10-31,Angels & Demons,2009,https://boxd.it/1Q9K,3
2025-11-02,The Bourne Ultimatum,2007,https://boxd.it/26Eu,4
2025-11-02,A House of Dynamite,2025,https://boxd.it/NcXc,4
2025-11-02,Highest 2 Lowest,2025,https://boxd.it/LcIC,2
2025-11-03,The Day After Tomorrow,2004,https://boxd.it/2aog,3
2025-11-03,Bring It On,2000,https://boxd.it/28x6,3
2025-11-03,"It's the Great Pumpkin, Charlie Brown",1966,https://boxd.it/1Qmu,3
2025-11-03,Safety Last!,1923,https://boxd.it/1AkW,3
2025-11-03,About a Boy,2002,https://boxd.it/2aMC,3
2025-11-03,Waitress: The Musical,2023,https://boxd.it/G9sQ,4
2025-11-04,The Last Samurai,2003,https://boxd.it/29ZA,4
2025-11-05,Silver Linings Playbook,2012,https://boxd.it/2TTo,2
2025-11-06,Dick,1999,https://boxd.it/1KaC,3
2025-11-07,Hoodwinked!,2005,https://boxd.it/1UVS,3
2025-11-09,Tinker Tailor Soldier Spy,2011,https://boxd.it/FRY,4
2025-11-10,Deep Impact,1998,https://boxd.it/1ZYM,2
2025-11-10,Code 3,2025,https://boxd.it/JIcO,3
2025-11-11,Frost/Nixon,2008,https://boxd.it/1TI4,4
2025-11-11,The Woman in Cabin 10,2025,https://boxd.it/NfTM,2
2025-11-12,The Outfit,2022,https://boxd.it/u6Eq,3
2025-11-12,Waitress,2007,https://boxd.it/1Vt6,3
2025-11-14,Jack Reacher,2012,https://boxd.it/2BUo,5
2025-11-16,Snack Shack,2024,https://boxd.it/DeKu,4
2025-11-16,Not Okay,2022,https://boxd.it/vCEY,2
2025-11-16,Austin Powers: International Man of Mystery,1997,https://boxd.it/29y0,4
2025-11-16,Now You See Me,2013,https://boxd.it/2Bsu,3
2025-11-16,Steve,2025,https://boxd.it/LekC,3
2025-11-17,The Long Walk,2025,https://boxd.it/mic8,3
2025-11-17,Psycho,1960,https://boxd.it/2ab2,3
2025-11-18,Hitchcock,2012,https://boxd.it/3LDa,2
2025-11-18,Here,2024,https://boxd.it/zscS,1
2025-11-18,Austin Powers: The Spy Who Shagged Me,1999,https://boxd.it/29xQ,3
2025-11-19,Roofman,2025,https://boxd.it/LcIW,3
2025-11-19,Sex Appeal,2022,https://boxd.it/ueoA,1
2025-11-20,Neighborhood Watch,2025,https://boxd.it/JSn8,4
2025-11-20,Fresh,2022,https://boxd.it/tCNi,3
2025-11-20,Licorice Pizza,2021,https://boxd.it/qTKY,4
2025-11-21,Flight,2012,https://boxd.it/35Ca,3
2025-11-21,Johnny English,2003,https://boxd.it/1YyI,2
2025-11-21,Shiva Baby,2020,https://boxd.it/oIv0,2
2025-11-22,Plus One,2019,https://boxd.it/inpo,4
2025-11-22,Anyone But You,2023,https://boxd.it/EzA8,2
2025-11-23,Tron,1982,https://boxd.it/2b9w,3
2025-11-23,Pretty in Pink,1986,https://boxd.it/1TEw,1
2025-11-23,The Baltimorons,2025,https://boxd.it/SBYa,4
2025-11-23,"Oh, Hi!",2025,https://boxd.it/PLns,3
2025-11-24,Get Away,2024,https://boxd.it/JB1O,2
2025-11-24,Meet Joe Black,1998,https://boxd.it/2aEI,4
2025-11-24,Fitzcarraldo,1982,https://boxd.it/1YV8,4
2025-11-24,Burden of Dreams,1982,https://boxd.it/XGk,5
2025-11-25,Paddleton,2019,https://boxd.it/j4YQ,4
2025-11-25,Triangle of Sadness,2022,https://boxd.it/hXlq,3
2025-11-26,Game Night,2018,https://boxd.it/fRtu,5
2025-11-26,Lessons of Darkness,1992,https://boxd.it/x7I,2
2025-11-26,Petite Maman,2021,https://boxd.it/s6je,4
2025-11-26,Can't Hardly Wait,1998,https://boxd.it/1MWI,3
2025-11-28,Relay,2024,https://boxd.it/Faee,4
2025-11-28,A Charlie Brown Thanksgiving,1973,https://boxd.it/1Q5I,2
2025-11-28,"Planes, Trains and Automobiles",1987,https://boxd.it/26zE,3
2025-11-28,The Pink Panther,2006,https://boxd.it/1Sys,4
2025-11-29,One Flew Over the Cuckoo's Nest,1975,https://boxd.it/2aeA,3
2025-11-30,Cheaper by the Dozen,2003,https://boxd.it/1USa,5
2025-11-30,Man on a Ledge,2012,https://boxd.it/FQm,3
2025-11-30,Bergman Island,2021,https://boxd.it/h86E,3
2025-12-01,Beyond the Infinite Two Minutes,2020,https://boxd.it/ujVk,5
2025-12-04,Shrek,2001,https://boxd.it/29zi,4
2025-12-04,Spy,2015,https://boxd.it/71Ks,3
2025-12-06,TRON: Legacy,2010,https://boxd.it/1Dlo,2
2025-12-06,Death Becomes Her,1992,https://boxd.it/1YQi,3
2025-12-06,Better Off Dead...,1985,https://boxd.it/1PFU,4
2025-12-07,Girl with a Pearl Earring,2003,https://boxd.it/256G,4
2025-12-07,Ricky Gervais Live: Animals,2003,https://boxd.it/5YcK,3
2025-12-07,Harvie Krumpet,2003,https://boxd.it/1Cp0,3
2025-12-07,Anger Management,2003,https://boxd.it/1YvO,4
2025-12-08,The Recruit,2003,https://boxd.it/28oS,4
2025-12-08,The Shape of Things,2003,https://boxd.it/1zP0,3
2025-12-08,Phone Booth,2002,https://boxd.it/285G,3
2025-12-08,Hotel Rwanda,2004,https://boxd.it/2aSA,5
2025-12-12,Ocean's Twelve,2004,https://boxd.it/2aZ2,4
2025-12-14,The Manchurian Candidate,2004,https://boxd.it/1O2M,3
2025-12-14,Wake Up Dead Man,2025,https://boxd.it/uAKS,4
2025-12-14,Hank Green: Pissing Out Cancer,2024,https://boxd.it/N6Uc,3
2025-12-14,I ♥ Huckabees,2004,https://boxd.it/28vk,3
2025-12-15,Shark Tale,2004,https://boxd.it/1VYe,3
2025-12-15,A Suite Holiday Romance,2025,https://boxd.it/XG0O,2
2025-12-15,Jingle Bell Run,2024,https://boxd.it/QoRm,4
2025-12-15,Oy to the World,2025,https://boxd.it/XG0Y,3
2025-12-15,Christmas Above the Clouds,2025,https://boxd.it/XfT8,2
2025-12-16,Everything Christmas,2023,https://boxd.it/IMpK,2
2025-12-16,Hanukkah on Rye,2022,https://boxd.it/CU0c,4
2025-12-17,This Place Rules,2022,https://boxd.it/CJGm,4
2025-12-18,Garden State,2004,https://boxd.it/2asW,4
2025-12-18,Dune,2021,https://boxd.it/fA7G,4
2025-12-19,Dune: Part Two,2024,https://boxd.it/pUfA,5
2025-12-20,Avatar: Fire and Ash,2025,https://boxd.it/2W7s,4
2025-12-20,Tom Clancy's Without Remorse,2021,https://boxd.it/kNyA,3
2025-12-21,Twinless,2025,https://boxd.it/LkKc,4
2025-12-21,Can't Buy Me Love,1987,https://boxd.it/1R4c,4
2025-12-22,Iron Man 2,2010,https://boxd.it/1WZM,2
2025-12-22,The Assassination of Jesse James by the Coward Robert Ford,2007,https://boxd.it/24dG,1
2025-12-22,The Wedding Singer,1998,https://boxd.it/1USO,3
2025-12-22,Made of Honor,2008,https://boxd.it/1VsC,2
2025-12-22,Iron Man 3,2013,https://boxd.it/2cBQ,3
2025-12-22,The Princess Bride,1987,https://boxd.it/26EY,3
