Date,Name,Year,Letterboxd URI
2024-08-05,"As I Was Moving Ahead, Occasionally I Saw Brief Glimpses of Beauty",2000,https://boxd.it/4gcu
2024-08-05,Everything Everywhere All at Once,2022,https://boxd.it/jUk4
2024-10-12,Rebecca,1940,https://boxd.it/2aQa
2024-10-12,The Handmaiden,2016,https://boxd.it/948A
2024-10-12,Manchester by the Sea,2016,https://boxd.it/b2L0
2024-10-12,Drive,2011,https://boxd.it/IG
2024-10-12,Brokeback Mountain,2005,https://boxd.it/2b2q
2024-10-12,Kandahar,2001,https://boxd.it/1q5i
2024-10-12,Hearts of Darkness: A Filmmaker's Apocalypse,1991,https://boxd.it/24ai
2024-10-12,Say Anything...,1989,https://boxd.it/27B2
2024-10-12,Top Gun,1986,https://boxd.it/29JC
2024-10-12,Apocalypse Now,1979,https://boxd.it/6ZS
2024-10-12,"Lock, Stock and Two Smoking Barrels",1998,https://boxd.it/2b92
2024-10-12,A Brighter Summer Day,1991,https://boxd.it/1Luy
2024-10-12,Heat,1995,https://boxd.it/2bg8
2024-10-12,Casablanca,1942,https://boxd.it/2aG0
2024-10-12,My Neighbor Totoro,1988,https://boxd.it/20eA
2024-10-12,The Wolf of Wall Street,2013,https://boxd.it/3C1m
2024-10-12,Donnie Darko,2001,https://boxd.it/2b2A
2024-10-12,American Psycho,2000,https://boxd.it/28Vs
2024-10-12,The Notebook,2004,https://boxd.it/1UNE
2024-10-12,Looking for Alaska,2019,https://boxd.it/npHO
2024-10-12,Before Sunrise,1995,https://boxd.it/2bcU
2024-10-12,Before Sunset,2004,https://boxd.it/2bcg
2024-10-12,Before Midnight,2013,https://boxd.it/4ive
2024-10-18,Beautiful Boy,2018,https://boxd.it/g76Q
2024-10-23,Gone Girl,2014,https://boxd.it/6hQu
2024-10-27,My Days of Mercy,2017,https://boxd.it/fqzA
2024-10-27,What a Feeling,2024,https://boxd.it/L8Ku
2024-10-27,Imagine Me & You,2005,https://boxd.it/28E2
2024-10-27,Rookie,2023,https://boxd.it/Hhvg
2024-11-11,P.S. I Love You,2007,https://boxd.it/229C
2024-11-11,Shaolin Soccer,2001,https://boxd.it/1T86
2024-11-23,Once Upon a Time in America,1984,https://boxd.it/2aCs
2024-11-23,Children of Heaven,1997,https://boxd.it/1C5k
2025-01-05,Vivarium,2019,https://boxd.it/gmVE
2025-01-05,What Dreams May Come,1998,https://boxd.it/1SoM
2025-01-05,Aftersun,2022,https://boxd.it/Arw0
2025-01-05,Leaving Las Vegas,1995,https://boxd.it/2amE
2025-01-05,Arlington Road,1999,https://boxd.it/295C
2025-01-05,Jacob's Ladder,1990,https://boxd.it/270g
2025-01-05,Paris Is Burning,1990,https://boxd.it/1jzg
2025-02-06,Sometimes I Think About Dying,2023,https://boxd.it/xGlg
2025-03-20,Oldboy,2003,https://boxd.it/29R2
2025-04-09,Slacker,1990,https://boxd.it/1OUu
2025-04-29,Fight Club,1999,https://boxd.it/2a9q
2025-04-29,I Saw the TV Glow,2024,https://boxd.it/woVe
2025-04-29,Scream,1996,https://boxd.it/24EC
2025-04-29,Death of a Unicorn,2025,https://boxd.it/HCPm
2025-05-12,Dead Calm,1989,https://boxd.it/1W7K
2025-05-19,Final Destination,2000,https://boxd.it/1YrC
2025-05-28,Gone with the Wind,1939,https://boxd.it/29Fq
2025-05-28,Amélie,2001,https://boxd.it/2aUc
2025-05-28,L.A. Confidential,1997,https://boxd.it/27oC
2025-05-28,Moulin Rouge!,2001,https://boxd.it/29wI
2025-05-28,Bullitt,1968,https://boxd.it/29i2
2025-05-28,Mulholland Drive,2001,https://boxd.it/297o
2025-05-28,A.I. Artificial Intelligence,2001,https://boxd.it/29Ve
2025-05-28,Master and Commander: The Far Side of the World,2003,https://boxd.it/200S
2025-05-28,The Reader,2008,https://boxd.it/20Dq
2025-05-28,James and the Giant Peach,1996,https://boxd.it/1W0O
2025-05-28,Sharp Objects,2018,https://boxd.it/j3NM
2025-05-28,Enemy of the State,1998,https://boxd.it/1XME
2025-05-28,Persona,1966,https://boxd.it/29B4
2025-05-28,Hide and Seek,1996,https://boxd.it/3mcy
2025-05-28,Eileen,2023,https://boxd.it/oJcS
2025-05-28,The World to Come,2020,https://boxd.it/iiuI
2025-05-28,My First Summer,2020,https://boxd.it/rOjg
2025-05-30,Sentimental Value,2025,https://boxd.it/GwcG
2025-05-30,Splitsville,2025,https://boxd.it/PGtA
2025-05-30,Nouvelle Vague,2025,https://boxd.it/LLLQ
2025-06-16,The Father,2020,https://boxd.it/m8Ie
2025-06-19,Speak No Evil,2024,https://boxd.it/G9f8
2025-06-20,We Live in Time,2024,https://boxd.it/FC5u
2025-06-20,Hell or High Water,2016,https://boxd.it/bfGM
2025-06-22,Lucky,2017,https://boxd.it/el3M
2025-06-22,What's Eating Gilbert Grape,1993,https://boxd.it/28xg
2025-06-22,Monster,2023,https://boxd.it/DJEM
2025-06-24,Carol,2015,https://boxd.it/7DPK
2025-06-24,Out of Sight,1998,https://boxd.it/28R6
2025-06-24,Prince of the City,1981,https://boxd.it/1hQY
2025-06-24,Fish Tank,2009,https://boxd.it/1xBg
2025-06-24,Solaris,1972,https://boxd.it/2a2Y
2025-06-24,Contact,1997,https://boxd.it/29OM
2025-06-24,The Souvenir,2019,https://boxd.it/gXU4
2025-06-24,Persuasion,2022,https://boxd.it/uVFY
2025-06-24,Far from Heaven,2002,https://boxd.it/1VzS
2025-06-24,A Single Man,2009,https://boxd.it/1dx4
2025-06-24,The Daytrippers,1996,https://boxd.it/F9i
2025-06-24,Mustang,2015,https://boxd.it/baaw
2025-06-24,Never Rarely Sometimes Always,2020,https://boxd.it/lWJk
2025-06-24,Punch-Drunk Love,2002,https://boxd.it/20E4
2025-06-24,Margaret,2011,https://boxd.it/2kbm
2025-06-24,Vicky Cristina Barcelona,2008,https://boxd.it/23rW
2025-06-24,Queer,2024,https://boxd.it/E4RW
2025-06-24,I'm Not There,2007,https://boxd.it/24Ys
2025-06-24,A Separation,2011,https://boxd.it/gvo
2025-06-27,The Bone Collector,1999,https://boxd.it/1Yzw
2025-06-27,The Changeling,1980,https://boxd.it/1PVy
2025-07-06,Jaws,1975,https://boxd.it/2a5e
2025-07-06,The Way We Were,1973,https://boxd.it/1WKs
2025-07-06,Perfect Blue,1997,https://boxd.it/1W7A
2025-07-06,The Banshees of Inisherin,2022,https://boxd.it/p7XS
2025-07-06,Waves,2019,https://boxd.it/jpmy
2025-07-06,Emma.,2020,https://boxd.it/kmg0
2025-07-06,The Muppet Christmas Carol,1992,https://boxd.it/1WgC
2025-07-06,My Own Private Idaho,1991,https://boxd.it/2ak4
2025-07-28,Happy Together,1997,https://boxd.it/1Ha0
2025-07-28,Invasion of the Body Snatchers,1978,https://boxd.it/1SWk
2025-07-28,Meet Me in St. Louis,1944,https://boxd.it/29j0
2025-07-28,Heretic,2024,https://boxd.it/H1lY
2025-07-28,Janet Planet,2023,https://boxd.it/DdWu
2025-07-28,Kwaidan,1964,https://boxd.it/1kbY
2025-07-28,M,1931,https://boxd.it/29vq
2025-07-31,The Taste of Tea,2004,https://boxd.it/1Mse
2025-07-31,Death of a Salesman,2000,https://boxd.it/7VKy
2025-08-23,The Apartment,1960,https://boxd.it/2aGE
2025-08-23,Vanilla Sky,2001,https://boxd.it/27TK
2025-09-06,Woman in Gold,2015,https://boxd.it/9HN8
2025-09-08,18×2 Beyond Youthful Days,2024,https://boxd.it/J4Lk
2025-09-08,Hackers,1995,https://boxd.it/1WhU
2025-09-08,Party Girl,1995,https://boxd.it/1b7e
2025-09-08,"Lust, Caution",2007,https://boxd.it/244k
2025-09-09,Silence,2016,https://boxd.it/2cAo
2025-09-09,Chicago,2002,https://boxd.it/28zm
2025-09-09,All of Us Strangers,2023,https://boxd.it/Bz3C
2025-09-09,La Chimera,2023,https://boxd.it/vzVi
2025-09-09,Fallen Leaves,2023,https://boxd.it/Bgew
2025-09-14,First Blood,1982,https://boxd.it/28U0
2025-09-15,Palm Springs,2020,https://boxd.it/lCXQ
2025-09-15,Dinner in America,2020,https://boxd.it/oinu
2025-09-15,Dicks: The Musical,2023,https://boxd.it/zslg
2025-09-15,Plan B,2021,https://boxd.it/rUMy
2025-09-15,Long Story Short,2021,https://boxd.it/sGgU
2025-09-15,The Lovebirds,2020,https://boxd.it/labE
2025-09-15,Bodies Bodies Bodies,2022,https://boxd.it/iRcE
2025-09-16,Still Walking,2008,https://boxd.it/1wvm
2025-09-16,Evil Does Not Exist,2023,https://boxd.it/HJrc
2025-09-16,Paterson,2016,https://boxd.it/cRk2
2025-09-16,Showing Up,2022,https://boxd.it/tJ1q
2025-09-16,Drive My Car,2021,https://boxd.it/sv94
2025-09-24,It Ends,2025,https://boxd.it/SBUi
2025-09-25,Megadoc,2025,https://boxd.it/NeK0
2025-09-26,The Old Man & the Gun,2018,https://boxd.it/fd1q
2025-09-26,Money Monster,2016,https://boxd.it/9GCS
2025-09-26,211,2018,https://boxd.it/i4LK
2025-09-26,Widows,2018,https://boxd.it/e6gc
2025-09-26,Dragged Across Concrete,2018,https://boxd.it/fAly
2025-09-26,Good Time,2017,https://boxd.it/fcFu
2025-09-26,The Lookout,2007,https://boxd.it/20ru
2025-09-26,Sin City,2005,https://boxd.it/2aVk
2025-09-26,Breach,2007,https://boxd.it/24JW
2025-09-26,A Most Wanted Man,2014,https://boxd.it/4WCE
2025-09-26,The Company,2007,https://boxd.it/3LMm
2025-09-26,Enigma,2001,https://boxd.it/1W84
2025-09-26,Body of Lies,2008,https://boxd.it/1SvS
2025-09-26,Spy Game,2001,https://boxd.it/28Fk
2025-09-26,Ghost World,2001,https://boxd.it/28Dy
2025-09-26,Just One of the Guys,1985,https://boxd.it/1xtm
2025-09-26,Serendipity,2001,https://boxd.it/1XPy
2025-09-26,Maniac,2018,https://boxd.it/jX9y
2025-09-26,Stand and Deliver,1988,https://boxd.it/1o5g
2025-09-26,The Emperor's Club,2002,https://boxd.it/1J2s
2025-09-26,Mr. Holland's Opus,1995,https://boxd.it/27xO
2025-09-26,Magazine Dreams,2023,https://boxd.it/tv1w
2025-09-26,Till,2022,https://boxd.it/wfwY
2025-09-26,Kaboom,2010,https://boxd.it/Mco
2025-09-26,Kristy,2014,https://boxd.it/4E58
2025-09-26,Widow Clicquot,2023,https://boxd.it/DsjM
2025-09-26,She Is Love,2022,https://boxd.it/uYd4
2025-09-26,Sleepwalking in the Rift,2012,https://boxd.it/7oFq
2025-09-28,The Mosquito Coast,1986,https://boxd.it/1UAA
2025-10-06,Hijack 1971,2024,https://boxd.it/Hsck
2025-10-06,Romance Is a Bonus Book,2019,https://boxd.it/uSHM
2025-10-09,Like Someone in Love,2012,https://boxd.it/3tOu
2025-10-10,"Girl, Interrupted",1999,https://boxd.it/25ds
2025-10-10,The Basketball Diaries,1995,https://boxd.it/1WaO
2025-10-10,84 Charing Cross Road,1987,https://boxd.it/1LL0
2025-10-10,"Spring, Summer, Fall, Winter... and Spring",2003,https://boxd.it/2b6W
2025-10-10,The Umbrellas of Cherbourg,1964,https://boxd.it/22fK
2025-10-10,Kramer vs. Kramer,1979,https://boxd.it/h0w
2025-10-10,Marriage Story,2019,https://boxd.it/hJAw
2025-10-10,A Nos Amours,1983,https://boxd.it/271I
2025-10-10,Girlfriends,1978,https://boxd.it/3JYU
2025-10-10,Clue,1985,https://boxd.it/1MDQ
2025-10-10,The Anderson Tapes,1971,https://boxd.it/1keS
2025-10-10,Peppermint Soda,1977,https://boxd.it/2NiG
2025-10-10,Boys Don't Cry,1999,https://boxd.it/2aPG
2025-10-10,Terms of Endearment,1983,https://boxd.it/1ULo
2025-10-12,Devs,2020,https://boxd.it/ppHI
2025-10-12,Let,2024,https://boxd.it/Lewy
2025-10-15,tokyo.sora,2002,https://boxd.it/48ia
2025-10-15,Come See Me in the Good Light,2025,https://boxd.it/RSFC
2025-10-15,Angel's Egg,1985,https://boxd.it/1LeA
2025-10-15,No Other Choice,2025,https://boxd.it/nKiA
2025-10-15,Kamikaze Girls,2004,https://boxd.it/1ucC
2025-10-15,"The Adventures of Priscilla, Queen of the Desert",1994,https://boxd.it/26mg
2025-10-15,Thelma & Louise,1991,https://boxd.it/28Ew
2025-10-15,Volver,2006,https://boxd.it/2aQO
2025-10-15,Linda Linda Linda,2005,https://boxd.it/1s1C
2025-10-15,Bicycle Thieves,1948,https://boxd.it/23hW
2025-10-15,Out-Takes from the Life of a Happy Man,2012,https://boxd.it/5LT2
2025-10-15,3-Iron,2004,https://boxd.it/28WK
2025-10-15,Paprika,2006,https://boxd.it/23wW
2025-10-15,Chungking Express,1994,https://boxd.it/1UDa
2025-10-15,"Life, and Nothing More…",1992,https://boxd.it/2WEc
2025-10-15,Sound of Metal,2019,https://boxd.it/i7Q4
2025-10-15,La Haine,1995,https://boxd.it/2as8
2025-10-15,The Summer Book,2024,https://boxd.it/EBpw
2025-10-15,Yukiko a.k.a,2024,https://boxd.it/PGq2
2025-10-15,In the Land of Brothers,2024,https://boxd.it/K5cC
2025-10-17,The Beauty Inside,2015,https://boxd.it/bfC6
2025-10-17,Turtles Are Surprisingly Fast Swimmers,2005,https://boxd.it/1ba8
2025-10-17,SWING GIRLS First & Last Concert,2005,https://boxd.it/DJDu
2025-10-17,Swing Girls Side Story,2004,https://boxd.it/EL4I
2025-10-17,Dance with Me,2019,https://boxd.it/lZfi
2025-10-17,Waterboys,2001,https://boxd.it/1kto
2025-10-17,Wood Job!,2014,https://boxd.it/8lvO
2025-10-18,Typhoon Club,1985,https://boxd.it/3Ffw
2025-10-18,Microhabitat,2017,https://boxd.it/hn9o
2025-10-18,In & Out,1997,https://boxd.it/1VlG
2025-10-19,Kneecap,2024,https://boxd.it/ILxI
2025-10-19,Weird: The Al Yankovic Story,2022,https://boxd.it/yYZA
2025-10-19,Ocean Waves,1993,https://boxd.it/1CtQ
2025-10-19,The Counselor,2013,https://boxd.it/3G6K
2025-10-19,Shoplifters,2018,https://boxd.it/ifY6
2025-10-19,"Like Father, Like Son",2013,https://boxd.it/5rQs
2025-10-19,After Life,1998,https://boxd.it/1HMI
2025-10-19,The Makanai: Cooking for the Maiko House,2023,https://boxd.it/EAuU
2025-10-19,Our Little Sister,2015,https://boxd.it/abBm
2025-10-19,Maborosi,1995,https://boxd.it/1G9U
2025-10-19,After the Storm,2016,https://boxd.it/d0HY
2025-10-19,Asura,2025,https://boxd.it/Svfy
2025-10-19,I Wish,2011,https://boxd.it/2L3k
2025-10-19,Without Memory,1996,https://boxd.it/3f4s
2025-10-19,Broker,2022,https://boxd.it/rDUU
2025-10-19,Lessons from a Calf,1991,https://boxd.it/7gdo
2025-10-19,Air Doll,2009,https://boxd.it/1wuS
2025-10-19,Going My Home,2012,https://boxd.it/erhK
2025-10-19,Distance,2001,https://boxd.it/1wvc
2025-10-19,August Without Him,1994,https://boxd.it/7gtG
2025-10-19,The Third Murder,2017,https://boxd.it/fqF4
2025-10-21,The American President,1995,https://boxd.it/1Zce
2025-10-22,Bent,1997,https://boxd.it/1EQC
2025-10-23,Harvey,1950,https://boxd.it/1T5w
2025-10-25,World Map,2025,https://boxd.it/Y0kk
2025-10-25,Bye Bye Love,1974,https://boxd.it/DWWa
2025-11-01,Revenge,2017,https://boxd.it/gL9g
2025-11-02,Save the Last Dance,2001,https://boxd.it/1XK4
2025-11-02,The Business of Strangers,2001,https://boxd.it/1jWu
2025-11-02,Fail Safe,1964,https://boxd.it/2afS
2025-11-02,Deconstructing Harry,1997,https://boxd.it/26xe
2025-11-02,Ghost,1990,https://boxd.it/2aLE
2025-11-03,Melancholia,2011,https://boxd.it/bPI
2025-11-03,Marie Antoinette,2006,https://boxd.it/27Wa
2025-11-03,Strike!,1998,https://boxd.it/1FbK
2025-11-03,True Lies,1994,https://boxd.it/19pq
2025-11-04,Love Massacre,1981,https://boxd.it/5xXk
2025-11-07,A Knight's Tale,2001,https://boxd.it/1YAk
2025-11-07,The Roses,2025,https://boxd.it/MjnI
2025-11-07,"Sorry, Baby",2025,https://boxd.it/JKNi
2025-11-10,Lokah Chapter 1: Chandra,2025,https://boxd.it/NelO
2025-11-10,Kantara,2022,https://boxd.it/wqK8
2025-11-10,The Dead Don't Hurt,2023,https://boxd.it/D30A
2025-11-10,Red Rooms,2023,https://boxd.it/ym4c
2025-11-10,Good One,2024,https://boxd.it/Gsyo
2025-11-11,Frost/Nixon: The Original Watergate Interviews,1977,https://boxd.it/1mhk
2025-11-11,Senna,2024,https://boxd.it/RFFa
2025-11-12,The Real Bros of Simi Valley: The Movie,2024,https://boxd.it/Mf48
2025-11-12,Everybody Wants Some!!,2016,https://boxd.it/9mgM
2025-11-13,National Theatre Live: Inter Alia,2025,https://boxd.it/TRq6
2025-11-13,State of the Union,2019,https://boxd.it/rlRy
2025-11-13,The World's End,2013,https://boxd.it/3EiO
2025-11-13,Everything or Nothing,2012,https://boxd.it/4nLQ
2025-11-13,Hostiles,2017,https://boxd.it/dpiO
2025-11-13,An Education,2009,https://boxd.it/1xcg
2025-11-13,Barney's Version,2010,https://boxd.it/MdG
2025-11-13,Fracture,2007,https://boxd.it/220K
2025-11-13,Saltburn,2023,https://boxd.it/z4eg
2025-11-15,Vengeance,2022,https://boxd.it/pu7U
2025-11-15,The Quiet Girl,2022,https://boxd.it/yvgm
2025-11-15,Cha Cha Real Smooth,2022,https://boxd.it/uF8E
2025-11-19,Barbarella,1968,https://boxd.it/20Ba
2025-11-19,Labyrinth,1986,https://boxd.it/1POC
2025-11-19,Boogie Nights,1997,https://boxd.it/23um
2025-11-20,Look Back,2024,https://boxd.it/LjA6
2025-11-20,Vulcanizadora,2024,https://boxd.it/GJIq
2025-11-20,My Sunshine,2024,https://boxd.it/Mjfa
2025-11-20,In Our Day,2023,https://boxd.it/Gaj6
2025-11-20,In Water,2023,https://boxd.it/EKYU
2025-11-20,Scrapper,2023,https://boxd.it/zht4
2025-11-20,The Hand,2020,https://boxd.it/vWp0
2025-11-20,Lion,2016,https://boxd.it/b2La
2025-11-22,Copshop,2021,https://boxd.it/rIGe
2025-11-22,No Sudden Move,2021,https://boxd.it/o7WS
2025-11-23,"Jeff, Who Lives at Home",2011,https://boxd.it/2TjU
2025-11-24,After the Hunt,2025,https://boxd.it/Mdra
2025-11-24,The Brutalist,2024,https://boxd.it/k4BO
2025-11-24,The Fire Within: A Requiem for Katia and Maurice Krafft,2022,https://boxd.it/AUFg
2025-11-24,Grizzly Man,2005,https://boxd.it/2ag2
2025-11-24,Heathers,1989,https://boxd.it/26x4
2025-11-25,Boyhood,2014,https://boxd.it/3178
2025-11-25,Wayne's World,1992,https://boxd.it/1ZHG
2025-11-25,Naked Gun,1956,https://boxd.it/5OnI
2025-11-25,Annie Hall,1977,https://boxd.it/29M2
2025-11-25,Duck Soup,1933,https://boxd.it/25PG
2025-11-25,Fargo,1996,https://boxd.it/2aHM
2025-11-25,Caddyshack,1980,https://boxd.it/1SCO
2025-11-25,Zoolander,2001,https://boxd.it/1YMA
2025-11-25,My Best Friend's Wedding,1997,https://boxd.it/1ZHm
2025-11-25,In the Loop,2009,https://boxd.it/1EsA
2025-11-25,Legally Blonde,2001,https://boxd.it/1ZNa
2025-11-25,The Big Lebowski,1998,https://boxd.it/2b6C
2025-11-28,The Iron Claw,2023,https://boxd.it/w5Pm
2025-11-28,War and Peace,2016,https://boxd.it/daU4
2025-11-28,Branagh Theatre Live: Romeo and Juliet,2016,https://boxd.it/egAQ
2025-11-28,Little Women,2017,https://boxd.it/hQd0
2025-11-28,Strange Darling,2023,https://boxd.it/CVIk
2025-11-28,The Goldfinch,2019,https://boxd.it/gX6I
2025-11-28,Wildcat,2023,https://boxd.it/EHX0
2025-11-28,Suspect: The Shooting of Jean Charles De Menezes,2025,https://boxd.it/Vk8M
2025-11-28,Match Point,2005,https://boxd.it/2b6s
2025-11-28,Dear Frankie,2004,https://boxd.it/1Zs2
2025-11-28,The Pursuit of Love,2021,https://boxd.it/u0FW
2025-11-28,Broken,2012,https://boxd.it/3GWQ
2025-11-28,Only Lovers Left Alive,2013,https://boxd.it/4O1U
2025-11-28,Jane Eyre,2011,https://boxd.it/15rs
2025-11-28,The Double,2013,https://boxd.it/4DLW
2025-11-28,Stoker,2013,https://boxd.it/34S2
2025-11-28,Tracks,2013,https://boxd.it/67y6
2025-11-28,Crimson Peak,2015,https://boxd.it/62Ty
2025-11-28,Edward Scissorhands,1990,https://boxd.it/2aZc
2025-11-28,Ed Wood,1994,https://boxd.it/2adM
2025-11-29,i hate myself :),2013,https://boxd.it/6T9y
2025-12-01,The Tale of The Princess Kaguya,2013,https://boxd.it/4JQI
2025-12-01,A Story of Yonosuke,2013,https://boxd.it/61pM
2025-12-01,The Fish Tale,2022,https://boxd.it/zWNu
2025-12-01,Summer Blooms,2017,https://boxd.it/gqho
2025-12-01,"Night Is Short, Walk On Girl",2017,https://boxd.it/ffwA
2025-12-01,Summer Time Machine Blues,2005,https://boxd.it/1uvE
2025-12-01,River,2023,https://boxd.it/H1sK
2025-12-01,Penguin Highway,2018,https://boxd.it/inGu
2025-12-02,All That Heaven Allows,1955,https://boxd.it/UNi
2025-12-03,One Million Yen Girl,2008,https://boxd.it/2h5K
2025-12-03,Crumb,1994,https://boxd.it/1tDi
2025-12-04,Mrs. America,2020,https://boxd.it/oO4u
2025-12-04,The Place Beyond the Pines,2012,https://boxd.it/3mDu
2025-12-04,If I Had Legs I'd Kick You,2025,https://boxd.it/HUtS
2025-12-04,Sunshine,2007,https://boxd.it/28Xy
2025-12-04,Two Hands,1999,https://boxd.it/1QcO
2025-12-06,TerrorVision,1986,https://boxd.it/1y72
2025-12-07,"Mon Laferte, I Love You",2024,https://boxd.it/O198
2025-12-07,The Boat That Rocked,2009,https://boxd.it/1FZA
2025-12-07,Dogville,2003,https://boxd.it/2a8W
2025-12-08,In the Company of Men,1997,https://boxd.it/1NMY
2025-12-08,When They See Us,2019,https://boxd.it/kbJU
2025-12-08,The Pianist,2002,https://boxd.it/2aqc
2025-12-08,Dog Day Afternoon,1975,https://boxd.it/29bg
2025-12-14,An Elephant Sitting Still,2018,https://boxd.it/i1EQ
2025-12-16,Amsterdam,2022,https://boxd.it/oJ58
2025-12-18,Lost and Found,1996,https://boxd.it/3Vt0
2025-12-20,Eternity,2025,https://boxd.it/LYtK
2025-12-20,It's a Wonderful Life,1946,https://boxd.it/28xA
2025-12-20,Die My Love,2025,https://boxd.it/D5cI
2025-12-20,Jay Kelly,2025,https://boxd.it/EsWw
2025-12-20,The Mastermind,2025,https://boxd.it/Q7ge
2025-12-20,It Was Just an Accident,2025,https://boxd.it/TX2k
2025-12-20,Sirāt,2025,https://boxd.it/HxJo
2025-12-20,2000 Meters to Andriivka,2025,https://boxd.it/RSH4
2025-12-21,The Front Page,1931,https://boxd.it/VXy
2025-12-21,His Girl Friday,1940,https://boxd.it/25M8
2025-12-21,Room at the Top,1958,https://boxd.it/Vhs
2025-12-21,Battleground,1949,https://boxd.it/1iGq
2025-12-21,I Am a Fugitive from a Chain Gang,1932,https://boxd.it/1mNg
2025-12-21,A Thousand Clowns,1965,https://boxd.it/Wai
2025-12-21,7th Heaven,1927,https://boxd.it/2Tfe
2025-12-21,The Ox-Bow Incident,1943,https://boxd.it/29ai
2025-12-21,She Done Him Wrong,1933,https://boxd.it/U56
2025-12-21,Of Mice and Men,1939,https://boxd.it/Avy
2025-12-21,The Meyerowitz Stories (New and Selected),2017,https://boxd.it/dSp0
2025-12-21,Rocky and Bullwinkle,2014,https://boxd.it/7D3G
