Date,Name,Year,Letterboxd URI,Rating,Rewatch,Review,Tags,Watched Date
2024-07-06,School of Rock,2003,https://boxd.it/6OsJJT,5,Yes,"it holds up, rip freddie",,2024-06-14
2024-07-06,You've Got Mail,1998,https://boxd.it/6OsKVr,3,,this movie made me idealize the 90s,,2024-05-26
2024-07-06,Turtles All the Way Down,2024,https://boxd.it/6OsLqT,3,,read the book it’s so good,,2024-05-05
2024-07-06,The Perks of Being a Wallflower,2012,https://boxd.it/6OsLV3,4,,my life is like a movie fr (book got 5⭐️),,2024-06-20
2024-07-06,Inside Out,2015,https://boxd.it/6OsWnr,3,,got so frustrated with sadness omg,,2024-02-11
2024-07-06,(500) Days of Summer,2009,https://boxd.it/6OuSVX,5,,"this is not a love story 👨‍🎨 great soundtrack, didn’t like the narrator too much. also the way i yelled when her name was autumn 


“you’re just afraid you’ll get an answer you don’t want, which will shatter the illusion of how great the past few months have been” 🙈",,2024-07-05
2024-07-08,The Sound of Music,1965,https://boxd.it/6Pvxbb,4,Yes,when the dad starts singing though 🥲,,2024-07-07
2024-07-08,Soul,2020,https://boxd.it/6PyqVR,4,,"when the little kids put on his hat 🥺🥺🥺
i like the way the accountant runs

(disney plus has the nicest pause UI of any streaming service)",,2024-07-07
2024-07-09,Wonka,2023,https://boxd.it/6Q1I3r,2,,"lots of strange tone changes.

 i appreciate their restraint that it wasn’t all references but there’s no way this is canon with the gene wilder one right??

also i like timmy’s wonka though. THANK YOU LITTLE ORANGE MAN 🍫🍫",,2024-07-08
2024-07-10,Bob Marley: One Love,2024,https://boxd.it/6QlIa3,3,,great soundtrack,,2024-07-09
2024-07-10,Top Gun: Maverick,2022,https://boxd.it/6QwbCF,5,Yes,when the enemy plane does the thing :0,,2024-07-10
2024-07-10,When Harry Met Sally...,1989,https://boxd.it/6Qwn67,3,,"i knew the way you know about a good melon
(harry moans)",,2024-07-10
2024-07-10,Yesterday,2019,https://boxd.it/6QwnRH,3,,"lily james with curls 🙂‍↕️🙂‍↕️🙂‍↕️🙂‍↕️❤️

we couldn’t afford a flashback so here’s a a single frame for exposition of their relationship but then they show the scene later??

why so many jokes",,2024-07-10
2024-07-10,The Courier,2020,https://boxd.it/6QwoUH,3,,"i like spy movies ! 

any movie where they show real photos / footage at the end 🧑‍🍳",,2024-07-10
2024-07-16,The Breakfast Club,1985,https://boxd.it/6SVdlf,3,,"it was fine, watched it on the plane",,2024-07-15
2024-07-16,Pride & Prejudice,2005,https://boxd.it/6SVf2f,4,,we stan kiera knightley 👸 also the way they talk is great,,2024-07-15
2024-07-18,Gladiator,2000,https://boxd.it/6U5laD,3,,when in rome,,2024-07-18
2024-07-25,Gosford Park,2001,https://boxd.it/6XkUOF,2,,"way too much time setting up the plot because they had way too many characters 

it didn’t really feel like the viewer could solve the mystery on their own

i liked mary",,2024-07-25
2024-07-25,North by Northwest,1959,https://boxd.it/6XkVxF,2,,"good plot but the movie is too long and takes forever to do anything 

i like that so much of nyc is the same still",,2024-07-25
2024-07-25,One Life,2023,https://boxd.it/6XkVQn,3,,ahoj,,2024-07-25
2024-07-25,Hard Miles,2023,https://boxd.it/6XkW6Z,3,,just keep going,,2024-07-25
2024-07-25,Coraline,2009,https://boxd.it/6XkYD7,3,,"we stan an oddly specific welcome mat 

i like her outfits (go blue)

why the dogs smile like that 

it would make a good video game 

i feel like there were some deleted scenes or something “you’re still mad i threw you” to the cat but he never seemed mad idk and she’s too mean to wybie immediately for no reason",,2024-07-25
2024-07-27,Ronin,1998,https://boxd.it/6Y55zj,4,,great practical effects and car scenes. too much nonsense plot to be a perfect vibes movie,,2024-07-26
2024-07-29,Avatar: The Way of Water,2022,https://boxd.it/6YRZRT,2,,"took me three viewings to finish, the final battle scenes were fun though",,2024-07-28
2024-07-29,The French Connection,1971,https://boxd.it/6YS1vb,1,,i have no idea what’s going on and there’s no action,,2024-07-28
2024-07-29,Sleepless in Seattle,1993,https://boxd.it/6YVsQr,4,,"she’s a ho! my dads been captured by a ho!

slow start but pretty funny. we stan 90s meg ryan",,2024-07-28
2024-07-30,Howl's Moving Castle,2004,https://boxd.it/6ZvM1v,4,,"where’s my kiss 😚 

the ending needs some context or a couple scenes in the beginning to explain it more 

the grandma also gave it back way too quickly

it kinda feels like they were like we have 20 more mins of plot but only 5 mins of screen time so just wrap it all up 

great music and visuals (as always)",,2024-07-29
2024-07-31,9/11: Inside the President's War Room,2021,https://boxd.it/6ZUJgn,3,,i like the minute by minute breakdown,,2024-07-30
2024-08-01,Spirited Away: Live on Stage,2022,https://boxd.it/705tPD,4,,"the practical effects and puppets omg and the sets and projection mapping

you definitely should watch the original before this but it was fun to see “how are they gonna do that” and it turn out really nice",,2024-07-31
2024-08-01,Deadpool & Wolverine,2024,https://boxd.it/70g5xd,2,,"i liked the short wolverine bit

i didn’t get it but the guys in front of my seemed to like it.  (they cheered when ***** showed up) 

it kinda felt like there were no stakes kinda like john wick 3 where obv they aren’t gonna die cause why would they

at least the guy next to me got a sneaky nap in (after his phone rang two times..) 

also unrelated but dolby atmos is way too loud",,2024-07-31
2024-08-04,Knocked Up,2007,https://boxd.it/71DuKh,3,,"its a sweet movie, some chuckles in there, its funny in a tragedy way

2007 tech is nice and paul rudd seeing a movie by himself is such a vibe
",,2024-08-03
2024-08-04,This Is 40,2012,https://boxd.it/71GcB3,2,,"paul rudd being a biking guy <3 

but no way this had any business needing to be over two hours 
(its kinda sweet how it all comes together tho) 

“i can handle a nightmare you’re a nightmare for me everyday” 
the kids are always the best part of these 

knocked up + this is 40 double feature is kinda a buzz kill but i guess thats kinda life in a way (idk what im saying im not even 30 yet) 
",,2024-08-03
2024-08-05,Sideways,2004,https://boxd.it/723CDF,2,,"this movie is like if they filmed a TV show with a disposable camera (complimentary)

i like the nytimes crossword but while driving i cant condone 

i definitely identify with how bad he feels when things dont go the way he planned even though they actually went fine (all things considered).

“im so insignificant i cant even kill myself”

(it lost me a bit in the end which is why its getting a two)

",,2024-08-04
2024-08-05,A Few Good Men,1992,https://boxd.it/724Sk7,5,Yes,certified “it’s on tv and i’ll finish watching it” classic,,2024-08-04
2024-08-05,Joy Ride,2023,https://boxd.it/724VZR,2,Yes,i thought it was okay the first time i watched it but the second time was more eh,,2024-08-04
2024-08-05,Léon: The Professional,1994,https://boxd.it/728OCz,3,,"how did they film the opening central park shot without drones 

i thought the aspect ratio was messed up at first tbh but it does give space for the subtitles 
(Edit: accidentally had french audio on for the first ten minutes) 
(Edit Edit: the text IS cursed right?)

i mean he DID kill two cops inside the station so yea they’d probably send in the swat team 

i feel like in a way she regained her youth as the movie went on, as if finally having someone who loved and supported her was all she needed for her to finally just be a kid",,2024-08-04
2024-08-08,Booksmart,2019,https://boxd.it/73jpHZ,3,,"the shot of the barbie hands was so good 
(but i’m glad the scene ended pretty quickly and the drugs wore off quick)

i liked how successful the other students were (and how nice they all ended up being ) 

also when amy slapped her and said “don’t say that about my best friend” awww ❤️

any one else think the pizza guy looks like bill gates ??

the graduation entrance would be so sick irl 

3",,2024-08-07
2024-08-08,Goldfinger,1964,https://boxd.it/73jB6L,2,,"overall some cool scenes but they should’ve just killed him

had i watched this in 1964 i probably would’ve given it a 3 but alas

i wanna watch goldmember now tho


play by play: 
———-

that first fight scene where he’s just trying to take the guy’s shoe off for some reason???

produced by albert broccoli 🥦

i don’t like how james bond treats women but i liked when he got judo chopped though (why didn’t they just kill him while he was out)

is skin suffocation real?
nazi gold bar is only worth 5k$ idk about that 

the hat is cool but if it cut the statue then it should’ve also just cut Tilly’s head clean off 

flying your car with you is such a boss move 

it would’ve been so nice if she had shot either of them

the radar beeps so loudly 

the car going off the cliff just exploding was nice 👍 

guy used all his car tricks in one day (ejector seat was snooze too)  

the sound of the cars in the foundry was sick though 

the speed ramping is so distracting and overused 

man named auric goldfinger: “all my life i’ve been in love with it” (wow no surprise there) 

i like how they keep using the goldfinger theme motif everywhere (not sarcastic)

everyone was just lara croft mode back then huh 

the henchmen are so cute with their npc dialogue 

no wonder people escaped prison all the time back then

this grand slam plot is the same as casino royale in a way 

he literally uh forced her 

they would’ve shot down their planes so quickly 

how did they know the code to the vault 

could you imagine if the plane crashed and they boys were all just watching a dot",,2024-08-07
2024-08-13,Napoleon,2023,https://boxd.it/75ir71,3,,"my succulent breakfast meal!!

idk if the lake thing was in purpose but that was a slick move if so 

“the memories of which will forever be etched in my heart”

he looks so much like him when he visits her after the divorce 

 being a drummer boy was probably so hardcore when cannons are going off all around 

aww he loved her so much",,2024-08-12
2024-08-13,The Prestige,2006,https://boxd.it/75irIB,4,,"any sufficiently advanced technology is indistinguishable from magic 

“he’s not a magician he’s a wizard”

dang the foreshadowing; rip to the legend freddy 

i gotta go see a magic show 

why are the credits so fast",,2024-08-12
2024-08-13,Nightmare Alley,2021,https://boxd.it/75itjD,2,,"funnily i was trying to watch something else and the bootleg was just this movie

way way way too long but i like the chekhovs gun

——-

you would not catch me paying a quarter to see smeagol eat a live chicken  

after watching the prestige it is funny to see the behind the scenes for the tricks here 

he’s kinda like a carnival indiana jones 

an hour in and nothing has happened yet, there better be something about to happen 

i don’t really get why she did it though? just for the money?

the holes in his shoes are the same place as mine",,2024-08-12
2024-08-13,Death on the Nile,2022,https://boxd.it/75iur9,3,,"well it’s topical… (i’m in egypt right now)

love a murder mystery 

hope our river cruise is just as nice but with less death perhaps 

“you can ruin his life or start a new one, perhaps it’s not the life you imagine but it’s the one that’s been intended”",,2024-08-12
2024-08-13,The Grand Budapest Hotel,2014,https://boxd.it/75iuZ1,4,,"the plane had the censored version which is so good, you should watch it some time 

‘‘twas first light when i saw her face upon the heath; and hence did i return day by day entranced”",,2024-08-12
2024-08-19,Pirates of the Caribbean: The Curse of the Black Pearl,2003,https://boxd.it/78yChP,3,,"woo kiera knightley let’s go 
music still slaps
wills outfit in the last scene 👌",,2024-08-19
2024-08-19,Pirates of the Caribbean: Dead Man's Chest,2006,https://boxd.it/78yCY5,3,,"“it was a woman …. he never stopped loving her but the pain it caused him was too much to live with…. but not enough to cause him to die” 😭😭

the davy jones vfx holds up",,2024-08-19
2024-08-20,How to Lose a Guy in 10 Days,2003,https://boxd.it/78Hg19,3,,"watched this just for the ‘you’ll be ben’s partner’ piece since it’s been stuck in my head for a couple weeks 🥸

why is the logo on all the shirts in the knicks game so small lmao like they were all handmade 

sleepless in seattle is a banger though 

cucumber sandwich gotta be worse for you than pizza 

i like that they both find out at the same time",,2024-08-19
2024-08-20,Five Feet Apart,2019,https://boxd.it/78Koa5,3,,"it was sweet and some chuckles in there and if it was a book i would’ve enjoyed it for sure 

there was not a dry eye in the house 

stella 🥺",,2024-08-19
2024-08-21,Erin Brockovich,2000,https://boxd.it/797H47,4,,"no cut on that first crash scene is crazy with no helmet 

george better turn out to be a good person so help me (edit: phew) 

“law school?? i’d settle for charm school!”
i feel like ‘finishing school’ or ‘high school’ would’ve landed much better 

when her son was reading about the kid the same age who’s sick 😭😭

“do they teach beauty queens how to apologize cause you suck at it”
someone skipped a line or what? timing for this doesnt make sense, he should say “hopefully they teach beauty queens how to say sorry” or ‘say thank you’ or they could have her said quietly ‘my bad’ and then he would say his original line 

i like that the real erin was in there though as always i prefer them to do the photo side by side in the credits",,2024-08-20
2024-08-25,The Guernsey Literary & Potato Peel Pie Society,2018,https://boxd.it/7b4pEX,3,,"lily james 🥰

what is glen powells accent? him proposing is a sure sign she’s gonna fall in love with pig boy lmao

when she goes island mode, her hair is so nice how does she get it like that",,2024-08-24
2024-08-26,Hit Man,2023,https://boxd.it/7bA7cb,3,,"i like gary’s range 

the apple notes move was great 

omg they got photos too",,2024-08-25
2024-08-26,The Instigators,2024,https://boxd.it/7bFHcL,4,,"fun and funny 


highest resolution movie i’ve seen i a while; also the music was mastered too loud",,2024-08-25
2024-09-02,Twisters,2024,https://boxd.it/7eM6hl,3,,"fun movie, amazing effects, but the emotional beats didn’t hit.",,2024-09-01
2024-09-02,Scoop,2024,https://boxd.it/7eUPfZ,2,,"(how could they not put photos of the real people at the end…)

the beginning scene hooked me but the rest was just okay",,2024-09-01
2024-09-02,Boiling Point,2021,https://boxd.it/7eXBtJ,4,,"liked all the different plot lines, it just kept unfolding 

real-time was a great move",,2024-09-02
2024-09-08,Serena,2014,https://boxd.it/7hyd3f,2,,i preferred the book 🦅,,2024-09-07
2024-09-09,Watchmen,2009,https://boxd.it/7i6InD,4,Yes,not perfect and a little long but mostly good,,2024-09-08
2024-09-09,Four Weddings and a Funeral,1994,https://boxd.it/7i9dEJ,3,,"the poem got me 🫡 

“excuse me i better be where other people are not”",,2024-09-08
2024-09-21,Furiosa: A Mad Max Saga,2024,https://boxd.it/7nh3Sd,4,,"i like how much lore you get, but a little long (if only each part was an episode in a miniseries?)",,2024-09-21
2024-09-23,Ponyo,2008,https://boxd.it/7o91nP,4,,"so much childlike wonder and excitement 🥹

——
intro credits 
when she grabbed the ham
that green elephant 
ah to live in a crayon drawn house 
she about to go fish mode",,2024-09-22
2024-09-24,Hayao Miyazaki and the Heron,2024,https://boxd.it/7osJAL,3,,"wished i had more opportunity to interpret the beats on my own, the theming (loneliness, mentorship, farewells) felt a little heavy handed, but it was nice that it wasn’t just another “here’s how they made the movie” doc",,2024-09-22
2024-09-28,Wolfs,2024,https://boxd.it/7qgqoZ,3,,"i liked that it wasn’t young guy old guy but old guy and older guy 

also when he got blood on his sweater",,2024-09-27
2024-09-29,Perfect Days,2023,https://boxd.it/7qN0hf,4,,why do i have to be greedy? why can’t i be happy with what i have?,,2024-09-28
2024-10-06,It's What's Inside,2024,https://boxd.it/7u5ksZ,4,,"the intro to forbes was such a nice scene

i could’ve done without the coda",,2024-10-05
2024-10-08,Rebel Ridge,2024,https://boxd.it/7v9NRh,3,,sadly too real,,2024-10-07
2024-10-09,The Terminal,2004,https://boxd.it/7vyLBV,3,,you like jazz??,,2024-10-08
2024-10-09,The Substance,2024,https://boxd.it/7vDhmB,3,,"that’s showbiz baby


(alternate title: my greedy ass when i just have to follow one simple rule)",,2024-10-09
2024-10-12,Rogue,2020,https://boxd.it/7wVq1R,1,,"the lion animations hooked me 

i like that they just kick all the dead people out of the car. these aren’t friends anymore just bodies 

🐊 need i say more 

yep that’s what i thought… lion farm

(once it became night i gave up sorry)",,2024-10-11
2024-10-12,Anatomy of a Fall,2023,https://boxd.it/7wW8Gp,3,,"a little long but left me wondering; i’m still not sure who to believe

also i loved the dog he’s so cute",,2024-03-18
2024-10-12,Lady Bird,2017,https://boxd.it/7wWxXZ,4,Yes,"saw this three times so far and the opening still always makes me laugh 

i like the dad",,2024-10-12
2024-10-13,Birdman or (The Unexpected Virtue of Ignorance),2014,https://boxd.it/7xosEJ,2,,"what’s with the venom voice ?
edit: oh it’s a batman voice!

i feel like the behind the scenes might be interesting to watch though, attempting one-shot practical effects is something",,2024-10-12
2024-10-13,Lost in Translation,2003,https://boxd.it/7xsAAj,4,,"this is how traveling to a foreign country should feel






i get the scar jo hype
also the soundtrack??",,2024-10-12
2024-10-13,Challengers,2024,https://boxd.it/7xxgzb,2,,🎾,,2024-10-13
2024-10-14,The Secret Life of Walter Mitty,2013,https://boxd.it/7y5QOp,4,,"“i just live by the ABCs, adventurous, brave, creative” 

rugged ben stiller 👀👀",,2024-10-13
2024-10-14,Pretty Woman,1990,https://boxd.it/7yb3ST,4,,"“i’d like you to spend the week with me”
 “really??” 🥺

also her curly hair and nose 🥰",,2024-10-14
2024-10-15,Murder Mystery 2,2023,https://boxd.it/7yCO0t,3,,"it’s fun, pretty close to the first one quality wise",,2024-10-14
2024-10-16,Moonrise Kingdom,2012,https://boxd.it/7z7dnR,4,Yes,me and who??,,2024-10-15
2024-10-18,Her,2013,https://boxd.it/7A04TJ,3,Yes,"research for work 🤫






concept is great, and i would like to see the romcom version of this that doesn’t go ominous mode

“there are enough ballrooms in me to dance with everyone i’ve ever loved” 📑",,2024-10-17
2024-10-20,Lars and the Real Girl,2007,https://boxd.it/7AVGmH,3,,"it takes a village 
(karin yelling at him in the cold 🥺)",,2024-10-19
2024-10-21,Notting Hill,1999,https://boxd.it/7BGUlH,4,,"“Probably best not tell anyone about this.”
“Right, no one. I mean, I'll tell myself sometimes but - don't worry - I won't believe it.”",,2024-10-20
2024-10-24,Bridget Jones's Diary,2001,https://boxd.it/7D7QY9,2,,fight scene was kinda fun and i like that they talk very strangely,,2024-10-23
2024-10-30,The Devil Wears Prada,2006,https://boxd.it/7GjBX7,3,,love stanley tucci but the music is too loud,,2024-10-29
2024-11-01,Barbarian,2022,https://boxd.it/7HiWFF,3,,three movies for the price of one,,2024-10-31
2024-11-02,Jennifer's Body,2009,https://boxd.it/7HRHll,3,,"effects still good and soundtrack goes hard


“i think i died before you got here but i woke up when i heard your voice” 🥺",,2024-11-01
2024-11-04,Jurassic Park,1993,https://boxd.it/7IOy8Z,4,,spared no expense,,2024-11-02
2024-11-04,A Man Called Otto,2022,https://boxd.it/7J9tlV,4,,this kinda thing is always happening when you’re trying to otto yourself,,2024-11-03
2024-11-09,Dead Poets Society,1989,https://boxd.it/7LogGT,5,Yes,what’s better than this: guys being dudes,,2024-11-09
2024-11-10,3 Days in Malay,2023,https://boxd.it/7LKPaH,1,,"it’s amazing how good cameras are these days and i liked the scenery

i turned it off right after ”meatloaf it ain’t that good here”",,2024-11-09
2024-11-10,Portrait of a Lady on Fire,2019,https://boxd.it/7LPaZT,4,,its distracting how well made this movie is (this will probably get bumped to a 5 next time i see it),,2024-11-09
2024-11-11,Whiplash,2014,https://boxd.it/7Mvqyt,4,Yes,good music,,2024-11-10
2024-11-16,The Sound of Music,1965,https://boxd.it/7OR6MH,5,Yes,get it twisted; music <i>will</i> save your life,,2024-11-15
2024-11-24,Good Will Hunting,1997,https://boxd.it/7SY39R,5,,his friends really support him 🥹,,2024-11-23
2024-11-25,Submarine,2010,https://boxd.it/7TByQl,4,,"I suppose it won't matter when I'm 38, but I'm upset about it.


(the epilogue 🥺)",,2024-11-24
2024-11-30,Phantom Thread,2017,https://boxd.it/7VPKrj,4,,film,,2024-11-29
2024-11-30,"tick, tick... BOOM!",2021,https://boxd.it/7VTfgR,5,,art,,2024-11-29
2024-12-02,Zero Dark Thirty,2012,https://boxd.it/7Xfy1f,4,,🫡,,2024-12-02
2024-12-09,Anora,2024,https://boxd.it/80Bd5r,3,,“guys anyone remember if we pulled focus on that last shot?”,,2024-12-08
2024-12-11,Gladiator II,2024,https://boxd.it/81xTCX,3,,"post-apocalyptic rome, ny 


(i’d watch a whole show animated in the scott free “loving vincent” style)",,2024-12-11
2024-12-15,The Wonderful Story of Henry Sugar,2023,https://boxd.it/83o9jb,4,,one of those where you become enrapt instantly and forget about anything else going on,,2024-12-14
2024-12-15,Paddington,2014,https://boxd.it/83r6JV,4,,pictured: a boy who’s just trying his best 🍯,,2024-12-14
2024-12-20,Holidate,2020,https://boxd.it/86e0MZ,3,,white elephant,,2024-12-19
2024-12-25,The Christmas Charade,2024,https://boxd.it/89wkm1,,,pretending to be a secret agent to fool two random people is a pretty good date idea,,2024-12-24
2024-12-25,If I Only Had Christmas,2020,https://boxd.it/89ALNL,,,if no one knows the ceo then they definitely have a pr problem,,2024-12-24
2024-12-26,A Nonsense Christmas with Sabrina Carpenter,2024,https://boxd.it/8ahlr1,,,she’s a pretty engaging host,,2024-12-25
2024-12-26,Love Actually,2003,https://boxd.it/8ahsOL,4,Yes,my life is a movie for real 🦞,,2024-12-25
2024-12-26,A Charlie Brown Christmas,1965,https://boxd.it/8ahuI1,5,Yes,i mean what can you say,,2024-12-25
2024-12-26,Happy Howlidays,2024,https://boxd.it/8aiOEv,,,if i wanted to be judged; id have just called my parents,,2024-12-25
2024-12-26,Jingle Bell Run,2024,https://boxd.it/8avuxZ,,,pretty good concept but the challenges didn’t really make sense (are the real ones this subjective? i guess that’s how they choose who wins :/ ),,2024-12-25
2025-01-01,The Holiday,2006,https://boxd.it/8fQzut,4,,"jack black is the rizzler

(also jude law? 👀👀)",,2024-12-31
2025-01-01,Almost Famous,2000,https://boxd.it/8fVHBd,3,,"tell me where and when does the real world occur

(received an extra star for zoey’s eyes)",,2024-12-31
2025-01-01,Mona Lisa Smile,2003,https://boxd.it/8fZbez,3,,dead artists society,,2024-12-31
2025-01-02,Nosferatu,2024,https://boxd.it/8gPtxj,2,,"amazing sets and shots and locations but just get to the point already


(i don’t give out enough twos so why not start the year off strong)",,2025-01-01
2025-01-05,Carry-On,2024,https://boxd.it/8kglZZ,3,,"some weak writing for tom hollands older brother  but not bad

also movies keep using unreal engine and we can tell",,2025-01-04
2025-01-06,Horizon: An American Saga – Chapter 1,2024,https://boxd.it/8kVHLR,2,,"this would’ve done well as a 3 season series. it is not a movie you’d go to the theater to see 

the ending was so confusing until you realize it’s a “next time on…”

i’ll watch pt2 on the second monitor when it comes to streaming though",,2025-01-05
2025-01-06,The Peanuts Movie,2015,https://boxd.it/8l5YAV,4,,"have you ever had that feeling when you can’t stop smiling? your heart pounds inside your chest? you try to stand but your knees, become weak? 

and then that little redhead girl glasses glances at you and all of life’s possibilities become so clear 

……….and then you realize she has no idea you’re alive 😭😭

—

it seems like the harder i try the further away she gets",,2025-01-05
2025-01-09,Grease,1978,https://boxd.it/8nJCbd,5,Yes,you gotta admit the flames splitting out the hot rod is pretty cool though,,2025-01-07
2025-01-11,Mr. & Mrs. Smith,2005,https://boxd.it/8q88Xz,2,,"i like that they pick up guns off people 

(took me a week to finish this)",,2025-01-10
2025-01-11,13 Going on 30,2004,https://boxd.it/8qcVVv,3,,"<i>my</i> 2025 is about to be thirty, flirty, and thriving",,2025-01-10
2025-01-14,Eternal Sunshine of the Spotless Mind,2004,https://boxd.it/8tf0ul,3,,none of this would’ve happened if my company allowed work from home,,2025-01-13
2025-01-17,The Order,2024,https://boxd.it/8voZFZ,3,,idaho is pretty,,2025-01-16
2025-01-19,Juror #2,2024,https://boxd.it/8wXYgN,2,,guy who is about to get away with murder: “but what if there was like a really cool guy that did it”,,2025-01-18
2025-01-19,My Old Ass,2024,https://boxd.it/8x2lfh,3,,i too wanna move to ireland and marry saoirse ronan,,2025-01-18
2025-01-21,Se7en,1995,https://boxd.it/8yGv9R,2,,"i started vomiting
he was not pleased 
i could not stop laughing 
??
he’s the joker",,2025-01-20
2025-01-25,The Wild Robot,2024,https://boxd.it/8BrHh1,4,,for some reason i didn’t expect there to be any talking in this,,2025-01-24
2025-01-30,The Six Triple Eight,2024,https://boxd.it/8FwnHp,3,,i think i’d enjoy sorting the mail,,2025-01-29
2025-02-01,Blitz,2024,https://boxd.it/8GPOEf,3,,baby’s day out 1944,,2025-01-31
2025-02-02,Conclave,2024,https://boxd.it/8HyPzl,4,,"the struggle between Religion and religion 


always envious the cardinals can speak so many languages



also also that shot with the white columns and then the one with the umbrellas",,2025-02-01
2025-02-04,What You Wish For,2023,https://boxd.it/8Jbt4d,3,,yes chef,,2025-02-03
2025-02-05,Companion,2025,https://boxd.it/8JCYWf,4,,she may not be real but she’s real cute,,2025-02-04
2025-02-06,A Beautiful Mind,2001,https://boxd.it/8KnlQr,3,,might i remind you that my odds of success dramatically improve with each attempt,,2025-02-05
2025-02-08,Little Women,2019,https://boxd.it/8Lx3DD,4,,"“money is the end and aim of my mercenary existence”

i love their mom ❤️i hope that if i were to write a memoir, my mother would come across as amazingly as marmee does in this",,2025-02-06
2025-02-09,Sing Sing,2023,https://boxd.it/8MbTNZ,4,,“brother we’re here to become human again”,,2025-02-08
2025-02-10,Ambulance,2022,https://boxd.it/8Najbn,3,,"they should’ve just let them get away, no way this cost the taxpayers less than what they stole",,2025-02-09
2025-02-11,50 First Dates,2004,https://boxd.it/8NIpzX,4,,"interesting that it’s not exactly the same day every time 

also this was really funny",,2025-02-10
2025-02-12,The Fabelmans,2022,https://boxd.it/8OjLUn,2,,"when i come at you with the sloppiest smile you’ve ever seen while pulling out the keychain nail clippers 

also it’s crazy paul dano is dad age now 


(also also it was kinda long)",,2025-02-11
2025-02-13,She Said,2022,https://boxd.it/8ORivL,2,,"if you don’t wanna make it dramatized you could just make a documentary, but the irving scenes were great and it got better by the end",,2025-02-12
2025-02-14,La La Land,2016,https://boxd.it/8Pogxr,5,Yes,what happens to a dream deferred?,,2025-02-13
2025-02-15,Dear Evan Hansen,2021,https://boxd.it/8Q3tVD,3,Yes,nah he didn’t get held back he just looks old,,2025-02-14
2025-02-16,"Be My Valentine, Charlie Brown",1975,https://boxd.it/8QvmtN,4,,"“it’s more than that, i have a feeling im somebody special.”
“i didn’t say im in love with her…i merely said im very fond of the ground on which she walks”

i think im more linus this time but i <i>would</i> give anything for the little red haired girl to send me a valentine 👀

giggling when lucy kept flipping over the heart when reading sonnet 43",,2025-02-15
2025-02-16,A Charlie Brown Valentine,2002,https://boxd.it/8QwOPf,3,,"“i’d give anything to be able to talk to that little red haired girl” me too chuck    me too

scripting the interaction 10 different ways but never actually using any of them is too real

the dialogue in this one needs some workshopping watch the other one or the movie instead",,2025-02-15
2025-02-16,The Gorge,2025,https://boxd.it/8QDjXB,2,,"(belize mentioned!!)

this would’ve gone hard as a short story",,2025-02-15
2025-02-17,Groundhog Day,1993,https://boxd.it/8REeVB,4,,"your outie likes boats
your outie is a sucker for french poetry 
your outie is very generous 
your outie is kind to strangers and children",,2025-02-16
2025-02-18,Superbad,2007,https://boxd.it/8Sj8KT,5,Yes,totally forgot about mclovins plot,,2025-02-17
2025-02-22,13 Hours: The Secret Soldiers of Benghazi,2016,https://boxd.it/8ULxx5,3,Yes,"too many “let just place a gopro here and see what it gets” shots 

🫡",,2025-02-21
2025-03-01,The Outrun,2024,https://boxd.it/8ZcmFn,3,,the orkneys seem nice and the poem at the end is pretty good,,2025-03-01
2025-03-01,Saturday Night,2024,https://boxd.it/8Zcnnf,3,,this would’ve gone hard as one take. i was also kinda expecting to see more of the first show (like during the credits??),,2025-03-01
2025-03-01,A Real Pain,2024,https://boxd.it/8ZcnTb,4,,"i think a tour where you follow a single person’s through their experience, could be really something",,2025-03-01
2025-03-08,The Parent Trap,1998,https://boxd.it/93vcZh,3,,me finding my cowgirl twin on 23 and me,,2025-03-07
2025-03-09,Ferris Bueller's Day Off,1986,https://boxd.it/94tv1F,5,,"how is he so good, he’s contagious",,2025-03-08
2025-03-10,Swingers,1996,https://boxd.it/95fD49,4,,"we stan supportive friends 

—————
i mean at first you're going to pretend to forget about her, you'll not call her, I don't know, whatever... but then eventually, you really will forget about her.

Well what if she comes back first?

see, that's the thing, is somehow they know not to come back until you really forget.",,2025-03-09
2025-03-13,Nickel Boys,2024,https://boxd.it/96Qcql,4,,🐊,,2025-03-12
2025-03-13,Past Lives,2023,https://boxd.it/96Qe8X,4,,the bird and the branch it sat on ❤️‍🩹,,2025-03-12
2025-03-16,One Week,1920,https://boxd.it/98EjJj,5,,oh what i would give to watch the behind the scenes of this,,2025-03-15
2025-03-16,The Scarecrow,1920,https://boxd.it/98FHrF,2,,"average dude perfect video 

he thought the dog was gonna bite him but it was friendly 🐶",,2025-03-15
2025-03-16,Princess Mononoke,1997,https://boxd.it/98Lo6F,4,,"“life is suffering and pain. this world and it’s people are cursed, but we still wish to live”

minecraft-ahh moo sound",,2025-03-16
2025-03-17,The 40 Year Old Virgin,2005,https://boxd.it/99s8Zb,2,,"jonah hill’s shoes and andy’s upstairs neighbor are the best parts ( they really needed over two hours for this?)

wait this is the same plot as swingers ??",,2025-03-16
2025-03-17,The Lego Movie,2014,https://boxd.it/99v3c5,4,,i need a 2x2 macaroni,,2025-03-16
2025-03-18,September 5,2024,https://boxd.it/9a2ttn,4,,i would’ve liked them to show the real people,,2025-03-17
2025-03-18,One Day in September,1999,https://boxd.it/9a4KHv,3,,"glad it was put together. but some of the stock footage and some music/editing was not the right choice for something this somber 

warning, they show the bodies and everything",,2025-03-17
2025-03-19,Munich,2005,https://boxd.it/9aC3It,3,,movie so long but i like that they made him fallable,,2025-03-19
2025-03-20,The Big Sick,2017,https://boxd.it/9b5uGx,4,,starts slow but once it gets rolling,,2025-03-19
2025-03-21,Sonic the Hedgehog 3,2024,https://boxd.it/9bwxWx,3,,"robotnik kinda like a weird iron man
(also grandpas shouldn’t hit grandkids)",,2025-03-20
2025-03-21,Big Fish,2003,https://boxd.it/9bzEFT,4,,i’m still laughing at the baby sliding down the hall,,2025-03-20
2025-03-23,Big,1988,https://boxd.it/9cGluZ,5,,"literally me in every feature testing meeting

(his friend is such a good friend 🥺)",,2025-03-22
2025-03-23,Amadeus,1984,https://boxd.it/9cNpid,4,,"grumps like us hate going up against the goat 

(also anyone know where he got his nightstands??)",,2025-03-22
2025-03-24,The Truman Show,1998,https://boxd.it/9dmkGz,2,,"most of the shots couldn’t be possible without him seeing, i feel like they should’ve stuck to the bit at least for the beginning 

would’ve gone great as a TV show where they don’t give it away until the “you’re the closest thing to a brother to me” piece 

also i wonder if this product placement is actually more ethical cause he doesn’t know and actually uses the items on live television. like if the mower sucked the entire world would know",,2025-03-23
2025-03-26,Rush Hour,1998,https://boxd.it/9eBwFd,4,,"“can i get uhhhhh 20 million in 50s and…. one sec…. <i>what do you want? </i>oh yea and 20 million in 20s and do you guys still do 10s? can i do 10 million in 10s, nah i don’t need 5s”


okay okay chris tucker <i>is</i> funny",,2025-03-25
2025-03-27,Rush Hour 2,2001,https://boxd.it/9f3PmF,3,,"snoopy mentioned!! 

carter looking back at the airport 🥺🥺",,2025-03-26
2025-03-28,A Complete Unknown,2024,https://boxd.it/9fyTJF,4,,he is a poet,,2025-03-28
2025-03-29,Black Bag,2025,https://boxd.it/9g1JpN,3,,i think someone used the wrong lens wipe,,2025-03-28
2025-03-29,Sherlock Jr.,1924,https://boxd.it/9g1KDV,4,,movie within a movie,,2025-03-28
2025-03-31,The Royal Tenenbaums,2001,https://boxd.it/9hc8LD,2,,"“im not in love with you anymore”
“i didn’t know you ever were”
😔

i like cash’s car 

(kinda boring??)",,2025-03-30
2025-03-31,The Talented Mr. Ripley,1999,https://boxd.it/9hnUZP,4,,tom how’s the peeping?,,2025-03-30
2025-04-01,Rush Hour 3,2007,https://boxd.it/9hYYWp,3,,love a good abbot and costello,,2025-03-31
2025-04-02,Poison,2023,https://boxd.it/9ir0eF,4,,absolutely gripping,,2025-04-01
2025-04-02,"The French Dispatch of the Liberty, Kansas Evening Sun",2021,https://boxd.it/9itOfd,3,,"“one who never completed a single article, but haunted the halls cheerily for three decades”
he’s me 🥺🥺


really cool they moved the entire room",,2025-04-01
2025-04-05,Grand Prix,1966,https://boxd.it/9jXt4n,4,,"the rain shots 🏎️🏎️ and the pan to the banking turn

(if you can find a version with just the racing, watch that instead, this movie is way too long but the shots make it a 4 instead of a 2)",,2025-04-03
2025-04-06,Flow,2024,https://boxd.it/9kyqlp,4,,worlds most complicated rube goldberg machine,,2025-04-05
2025-04-07,"Are You There God? It's Me, Margaret.",2023,https://boxd.it/9lonVN,4,,costume designer did an amazing job,,2025-04-06
2025-04-08,Fire of Love,2022,https://boxd.it/9lV4zT,5,,absolute poetry 🌋,,2025-04-07
2025-04-09,Paddington 2,2017,https://boxd.it/9mqQ6n,4,,it’s almost as if treating inmates as humans is rehabilitating in some way??,,2025-04-08
2025-04-10,Greedy People,2024,https://boxd.it/9mTQIz,3,,"the rain on the camera in the ferry shots 👀👀

lily james 😍",,2025-04-09
2025-04-11,At Eternity's Gate,2018,https://boxd.it/9nnL5d,3,,"<i>What am I in most people's eyes? A nonentity, or an eccentric and disagreeable man-somebody who has no position in society and never will have, in short, the lowest of the low.
All right, then-even if that were absolutely true, then I should one day like to show by my work what such an eccentric, such a nobody, has in his heart.
This is my ambition, which is, in spite of everything, founded less
on anger than on love, more on serenity than on passion.
Though I am often in the depths of misery, there is still calmness, pure harmony and music inside me. I see paintings or drawings in the poorest cottages, in the dirtiest corners. And my mind is driven toward these things with an irresistible force.</i>",,2025-04-10
2025-04-12,Speed Racer,2008,https://boxd.it/9nSp6l,4,,"more real than real life, this is the opposite of a dream; somehow the highest definition movie while also looking made by a youtube channel with 15 subs",,2025-04-11
2025-04-13,Y Tu Mamá También,2001,https://boxd.it/9oyFGt,4,,"it will be an <i>y tu mama tambien </i>summer 
it will be an <i>y tu mama tambien  </i>summer 
it will be an <i>y tu mama tambien  </i>summer 
🙏🙏",,2025-04-12
2025-04-14,Mickey 17,2025,https://boxd.it/9paINj,3,,i’ve never been a sauce guy,,2025-04-13
2025-04-16,12 Angry Men,1957,https://boxd.it/9qjolL,4,,guilty of making a killing (300k$ adj) a year selling marmalade,,2025-04-16
2025-04-18,Ocean's Eleven,2001,https://boxd.it/9rjGfb,5,,"belize mentioned !! 
tess’ earrings on game day 🥰
he loves her so much 🥺🥺🥺",,2025-04-17
2025-04-18,"Monsters, Inc.",2001,https://boxd.it/9rmLAJ,5,Yes,"“what was that?”
“I have no idea, but it would be really great if it didnt do it again”

and when he says “wait how many kids you got in there?”",,2025-04-17
2025-04-19,Barry Lyndon,1975,https://boxd.it/9rZ4sl,2,,"part one was good, beautifully shot but part two dreadfully boring

some of those battle songs go hard",,2025-04-18
2025-04-20,Better Man,2024,https://boxd.it/9sOdRB,3,,"me telling my mom every 10 mins: “you know in real life he’s not actually a monkey!” 

on a different day i would’ve cried at the end for sure",,2025-04-20
2025-04-25,Freedom Writers,2007,https://boxd.it/9vQx17,5,,mayan representation ✊,,2025-04-24
2025-04-25,A Bug's Life,1998,https://boxd.it/9vQBV9,4,,"goated theme music 

<i>now why didn’t i think of that?? 
oh yea it’s suicide 
</i>
the sky looks so good",,2025-04-24
2025-04-28,Challengers,2024,https://boxd.it/9xCMP7,4,Yes,"under the court was cool

(re-watched because I was nodding off the first time I saw this and missed a couple scenes)",,2025-04-27
2025-04-28,Clerks,1994,https://boxd.it/9xH3yZ,3,,any contractor working on the death star knew the consequences involved with that job,,2025-04-27
2025-04-28,Clerks II,2006,https://boxd.it/9xL3eN,2,,its as if someone made a parody movie of the original clerks. randal does always come through with the poetry at the end tho ,,2025-04-27
2025-04-28,Boston Strangler,2023,https://boxd.it/9xOoZL,3,,they should make one about the boston tickler ,,2025-04-27
2025-04-29,The Double,2013,https://boxd.it/9ymih7,5,,"<i>every day. thats what we do… suicides
only suicides? 
thats right.
for the whole city?
we can barely cover the neighborhood</i>

constume designer and set designer went hard on this one 
also she is so cute omg",,2025-04-29
2025-04-30,The Lighthouse,2019,https://boxd.it/9yGMC5,2,,i was trapped in this movie with them but some great quotes in here ,,2025-04-29
2025-05-03,Kiki's Delivery Service,1989,https://boxd.it/9Aqt7X,4,,asking my brother “can a cat eat that?” every time jiji eats something,,2025-05-02
2025-05-08,"Crazy, Stupid, Love.",2011,https://boxd.it/9DwHw7,4,,"hes so real for jumping out of the car and also going back home to take care of his yard 

this is a funny movie 
",,2025-05-07
2025-05-10,Chime,2024,https://boxd.it/9Euivt,3,,"husband who drinks beer & 
wife who loves taking out the recycle",,2025-05-09
2025-05-10,The Girl Next Door,2004,https://boxd.it/9ECHr3,4,,cutest couple 2004,,2025-05-10
2025-05-11,Election,1999,https://boxd.it/9ESg6T,3,,"tammy has such a good poetry reading voice 

date idea: recreating the neanderthal exhibit poses 
",,2025-05-10
2025-05-11,The Descendants,2011,https://boxd.it/9F8U25,3,,when they drive out to the land <3 ,,2025-05-10
2025-05-11,Born to Be Blue,2015,https://boxd.it/9FcZpL,3,,"“Perhaps the feelings that we experience when we are in love represent a normal state. Being in love shows a person who he should be.”
- chekov 
",,2025-05-10
2025-05-12,The Pelican Brief,1993,https://boxd.it/9FJ0Dj,3,,"they should remake this
(still love julia roberts tho) ",,2025-05-11
2025-05-12,Slackers,2002,https://boxd.it/9FM4qz,2,,"hes gonna become the joker, the song at the end goes hard tho 

https://www.youtube.com/watch?v=SXfJ2dUxlQo",,2025-05-11
2025-05-13,Premium Rush,2012,https://boxd.it/9GobMX,4,,"i like when he drifts 

also what the hell the cop went for the black guy even though he didnt do anything wrong? 

",,2025-05-12
2025-05-15,Runaway Bride,1999,https://boxd.it/9HpKWz,3,,"good concept but i didnt get invested

EDIT: im still thinking about this movie 4 days later, so bumping it up to 3 (from 2) cause what is art supposed to do if not make you feel something.",,2025-05-14
2025-05-19,Ticket to Paradise,2022,https://boxd.it/9JPOnN,3,,bring back putting bloopers in the credits!!,,2025-05-18
2025-05-20,About Time,2013,https://boxd.it/9KrhA1,4,,"me and who???

<i>look at jesus, he was the son of god and look how he turned out </i>

ben folds!!",,2025-05-19
2025-05-23,The Weather Man,2005,https://boxd.it/9M2Yrz,4,,"one of the 8 (eight) DVDs i own somehow

dave sucks but life really is like that sometimes so i get it 

(his dad 🥺🥺🥺🥺)",,2025-05-22
2025-05-24,Ace Ventura: Pet Detective,1994,https://boxd.it/9Mvs5J,3,,"expected the misogyny but did not expect this to get so transphobic 


i did like the shot when all the animals came out of hiding and the “is your number still 911” 

also TIL mission impossible was a tv show in the 60s",,2025-05-23
2025-05-25,Nick and Norah's Infinite Playlist,2008,https://boxd.it/9NlZL3,4,,"those were the days…

( pointing at the screen 👉 that’s my house)


another in the series of dvds i own",,2025-05-24
2025-05-26,Den of Thieves 2: Pantera,2025,https://boxd.it/9O8gIh,4,,the taycan sounds amazing,,2025-05-25
2025-05-27,The Accountant,2016,https://boxd.it/9OBVsx,4,,discord mod voice: <i>kitten we should go</i>,,2025-05-26
2025-05-27,The Accountant²,2025,https://boxd.it/9OHhGV,2,,why is every character in this nothing like they were in the first movie?,,2025-05-26
2025-05-27,Scent of a Woman,1992,https://boxd.it/9ORaWn,4,,"<i>You've gotten so wrapped up in sugar, you forgotten the taste of real honey!</i>",,2025-05-27
2025-05-28,Adaptation.,2002,https://boxd.it/9PrvzV,3,,"is it bad to say i liked the non Mckee parts better ?
maybe i gotta watch <i>Being John Malkovich </i>next",,2025-05-28
2025-05-30,Bernie,2011,https://boxd.it/9QB51H,4,,"I want Jack Black to play me in my biopic

belize mentioned!!",,2025-05-29
2025-05-31,Sweet Home Alabama,2002,https://boxd.it/9R6DIR,2,,"<i>well hells bells if it ain’t felony melanie 🤠</i>

she’s a terrible person but bobby ray is a gem",,2025-05-30
2025-05-31,Atonement,2007,https://boxd.it/9RaKvj,3,,"it was removed when this was adapted but please go read ‘<i>In Memory of W. B. Yeats</i>’ by Auden

https://poets.org/poem/memory-w-b-yeats",,2025-05-30
2025-06-01,Elizabethtown,2005,https://boxd.it/9RTALh,3,,"without knowing anything about this movie thought claire was gonna be a serial killer 

<i>make em wonder why you’re still smiling </i>

the road trip was the best part",,2025-05-31
2025-06-05,Little Manhattan,2005,https://boxd.it/9TXkxf,4,,"as someone who was 10 in 2005 and broke their right wrist and named gabe and had a crush on the third cutest girl in class, 
this goes hard 


<i>are there any more beautiful words in the english language than “see you tomorrow “</i>

every scene is from his perspective expect the one where his dad says “he’s growing up” ???

it would be so dangerous to be a single doorman",,2025-06-02
2025-06-05,What If,2013,https://boxd.it/9TXlbf,3,,gotta be the worst place to sit on the roof,,2025-06-02
2025-06-05,Inheritance,2024,https://boxd.it/9TXnf9,3,,"the sister should’ve opened it before she came over and said “ hey sorry i opened this it had my name on it”, why would she open it after it was in the cabinet????",,2025-06-02
2025-06-05,Easy A,2010,https://boxd.it/9TXoaf,3,,"i like the name olive 
and stanley tucci 🥰🥰

i like the idea that this is the same universe as sideways",,2025-06-02
2025-06-05,But I'm a Cheerleader,1999,https://boxd.it/9U5GuN,4,,"any schools out there where i could take the gay mechanic class
gotta try that crossed arms move
larry and lloyd’s relationship 

love her hair and voice",,2025-06-04
2025-06-05,Roman Holiday,1953,https://boxd.it/9U5HxX,3,,three bambino you know waaaaah,,2025-06-04
2025-06-05,The Sisterhood of the Traveling Pants,2005,https://boxd.it/9U5J6p,3,,the soccer gloating poses,,2025-06-04
2025-06-08,Meet the Parents,2000,https://boxd.it/9VWra9,3,,"any one of these is not that bad (except for the cat thing) but taken altogether I mean, cmon he kinda sucks 

i guess just cause it’s the end of the movie he gets forgiven and now the dad likes him???",,2025-06-07
2025-06-08,Meet the Fockers,2004,https://boxd.it/9W13QP,3,,ACAB etc,,2025-06-07
2025-06-08,Little Fockers,2010,https://boxd.it/9W4zzn,2,,👍,,2025-06-07
2025-06-09,Joy,2024,https://boxd.it/9WD0Av,3,,"<i>this is after we’ve spruced it up, you should’ve seen it before. it was appalling. at least now we have glass in the windows </i>",,2025-06-08
2025-06-09,Fried Green Tomatoes,1991,https://boxd.it/9WOBGn,3,,"<i>and if you won’t listen to reason, there’s always towanda…</i>

idgie’s accent reminds me of that tiktok with the two gay sheriffs: https://www.tiktok.com/t/ZTjg5pgnA/

being able to use a quote from the Bible with your own name goes hard.",,2025-06-08
2025-06-10,Call Me by Your Name,2017,https://boxd.it/9XvysX,4,,"thinking back to spending all of july last year in italy 🥰

for some reason when reading the book i always imagined oliver as a young daniel craig",,2025-06-10
2025-06-11,Mission: Impossible – The Final Reckoning,2025,https://boxd.it/9Y1YmF,3,,"take a nap until the house catches fire, don’t worry about the plot just hold on",,2025-06-10
2025-06-13,Mountainhead,2025,https://boxd.it/9ZbeST,2,,worlds tallest mark,,2025-06-13
2025-06-14,A Different Man,2024,https://boxd.it/9ZMQg3,3,,this is exactly what living in nyc is like,,2025-06-13
2025-06-15,Bottoms,2023,https://boxd.it/a0niVl,3,,great casting,,2025-06-14
2025-06-15,The Ballad of Wallis Island,2025,https://boxd.it/a0qVJT,5,,"sobbed the entire way through, charles is precious",,2025-06-14
2025-06-15,The One and Only Herb McGwyer Plays Wallis Island,2007,https://boxd.it/a0s9ul,4,,"amazing to see how much the three of them have grown in so many years. 

so so glad this exists so that the feature could as well.",,2025-06-14
2025-06-17,"Good Morning, Vietnam",1987,https://boxd.it/a1TeCR,3,,"the original twitch variety streamer, also doing all the voices live with no sound effects or nothing is amazing 

would’ve been interesting to see a movie that shows how he was able to come up with relatable characters and stories 

also would be cool if they were hiding military commands in the music choice 

damn they really wanted him dead ??

very well shot for a throwaway comedy movie",,2025-06-16
2025-06-17,Fire of Love,2022,https://boxd.it/a1Uy1j,5,Yes,"<i>I imagine the spectacle of us seen from above:
A ridiculous column of tiny ants, climbing up the back of a giant beast 
And saying in arrogance, I climb upon you to understand you, to tear your thousand-year-old secrets from you so that science can progress !</i>

How great is the ambition and vanity of man? 

we try to bear witness to this force, but the human I am cannot see in geologic time. our lives are just a blink compared to the life of volcano",,2025-06-16
2025-06-18,The Worst Person in the World,2021,https://boxd.it/a2vq7d,4,,"i forgot how much i liked the norwegian language in high school (and still now 😅) 


i imagine if you are similar to her this goes even harder",,2025-06-17
2025-06-20,The Swan,2023,https://boxd.it/a3BP1v,4,,"i knew it had to be based on a true story, you can’t make this kinda thing up",,2025-06-19
2025-06-20,The Rat Catcher,2023,https://boxd.it/a3CuEN,3,,could not look away,,2025-06-19
2025-06-20,The Amateur,2025,https://boxd.it/a3H5S1,3,,oooooh this is how the dad from <i>call me by your name </i>made his money!,,2025-06-19
2025-06-21,Sinners,2025,https://boxd.it/a49OVZ,3,,too slow and then over too quick,,2025-06-20
2025-06-22,Warfare,2025,https://boxd.it/a50nft,4,,"really slow in a good way 

🫡",,2025-06-21
2025-06-22,What Happened Was...,1994,https://boxd.it/a545dR,4,,"<i>this was a date???</i>

 how is it possible to script something and then film it and it still feels real",,2025-06-22
2025-06-23,"tick, tick... BOOM!",2021,https://boxd.it/a5ND2j,5,Yes,<i>why does it take catastrophe to start a revolution?</i>,,2025-06-22
2025-06-23,Rent,2005,https://boxd.it/a5SGSx,3,,"they gotta get the subway mariachi guys to learn some of these songs 

also it is true they got diet coke in cyberland",,2025-06-22
2025-06-24,Rent,2019,https://boxd.it/a6vw5j,4,,"4 stars just for vanessa hudgens dressed as cat woman and joanne telling her “down girl” ☺️

also i think i've decided 'Will I' is the best song in the show, though i like 'What you own' too",,2025-06-23
2025-06-25,John Tucker Must Die,2006,https://boxd.it/a75zt1,3,,we need more sophia bush movies ,,2025-06-24
2025-06-25,The Hudsucker Proxy,1994,https://boxd.it/a79wAV,3,,the circle gets me every time,,2025-06-24
2025-06-26,The Master,2012,https://boxd.it/a7LXC1,3,,"oh to be a navy boy on a hammock reading a book on the ocean 😎 

I bet it feels so good to ride a motorcycle without a helmet until it doesn’t",,2025-06-25
2025-06-28,Something's Gotta Give,2003,https://boxd.it/a8Z95X,3,,<i>honey if you were writing this i’d be dead ! </i>,,2025-06-27
2025-06-29,The Great Muppet Caper,1981,https://boxd.it/a9vxrR,4,,"seeing gonzo dancing in the hotel mirror reflection 🥺

unrelated anyone wanna ride bikes in battersea together?? 👀👀


(my first muppet movie)
ps also this doesn’t feel dated at all; magic",,2025-06-28
2025-06-30,Jim Henson Idea Man,2024,https://boxd.it/aantD3,4,,"affectionate anarchy 

i really like drums west",,2025-06-29
2025-06-30,The Muppet Movie,1979,https://boxd.it/aarlDx,3,,"this movie hits different right after watching the Jim Henson documentary….

but it’s really slow",,2025-06-29
2025-07-01,All the President's Men,1976,https://boxd.it/ab5eHx,4,,"the first phone call scene 🥰

but then they are like “5 mins left so oh yea and then all this stuff happened debi” uhhhhh",,2025-06-30
2025-07-03,High Fidelity,2000,https://boxd.it/acq61T,2,,"this wanted to be clerks so bad i just didn’t really care and also too loud

i like that his sister is his sister and i love jack black",,2025-07-02
2025-07-04,The Intern,2015,https://boxd.it/ad1eT9,3,,those airline seats looked so comfy,,2025-07-03
2025-07-05,Airplane!,1980,https://boxd.it/adCW3Z,3,,"mind if a white woman speak a little jive?





the kids face after the other kid says ‘like my men’

guys really do be dragging their stuff down the aisle like that 

more movies with actors who learned slight of hand for the role",,2025-07-04
2025-07-06,Snatch,2000,https://boxd.it/aeeUPD,2,,"my mom called halfway through and i considered just turning this off

it’s got some funny parts",,2025-07-05
2025-07-06,Arrival,2016,https://boxd.it/aej4kt,5,Yes,"anyone know if her lectures are somewhere on YouTube? i’d take that class 

her house in quebec looks so nice too 

and the way the fog rolls into the montana valley🥰

“you told me what my wife’s last words were” has good meme potential",,2025-07-05
2025-07-06,Me and You and Everyone We Know,2005,https://boxd.it/aen5Al,4,,"I love her voice so much I wish she would narrate my life, 

love her eyes too

this is where “back and forth forever” comes from ??

wait photo of a bird in a tree in a tree is so art",,2025-07-05
2025-07-06,Man on Wire,2008,https://boxd.it/aesz7D,3,,just boys running around a field in france,,2025-07-06
2025-07-07,American Pie,1999,https://boxd.it/affzP9,3,,natasha lyonne,,2025-07-06
2025-07-07,Scott Pilgrim vs. the World,2010,https://boxd.it/afjvgH,5,Yes,do they give oscars for casting??,,2025-07-07
2025-07-10,Me and Earl and the Dying Girl,2015,https://boxd.it/ahnWql,4,,"<i>would you two mice like a little bit of cheese?</i>

so THIS is what’s going on upstairs while The Pitt is going on on the ground floor",,2025-07-09
2025-07-11,"O Brother, Where Art Thou?",2000,https://boxd.it/ai3VxJ,3,,i like pappys pinstripe suit and the dancing is great,,2025-07-10
2025-07-13,Quiz Show,1994,https://boxd.it/ajxLET,3,,"<i>what a grueling line of inquiry. </i>
<i>must have a familiar ring, the questions in advance  </i>
lmao got em 

it’s just kinda slow, aaron sorkin should be working on remaking this instead of social network 2",,2025-07-12
2025-07-13,Good Boys,2019,https://boxd.it/ajEVGf,4,,"superbad but middle school 


my friend called while i was watching and i actually wanted to continue watching even though it was already 1am, its funny



playing ascension without the board or honor is kinda a hack for bringing it to school easily",,2025-07-12
2025-07-14,The Italian Job,2003,https://boxd.it/ake0TN,3,,i like the opening heist,,2025-07-13
2025-07-14,The Phoenician Scheme,2025,https://boxd.it/akpTsp,4,,i liked that it kept moving,,2025-07-13
2025-07-15,In the Mood for Love,2000,https://boxd.it/al7AdD,4,,"had its hold on me from the very beginning


I didn’t really get the frame rate weirdness though",,2025-07-14
2025-07-15,In the Mood for Love 2001,2001,https://boxd.it/al7Dj5,3,,"no idea why he felt he had more to say about this character, at least it’s short",,2025-07-14
2025-07-16,The Last Duel,2021,https://boxd.it/alZWnD,3,,"i like the multiple perspectives but maybe as a miniseries 

the ending battle though",,2025-07-15
2025-07-17,Rocketman,2019,https://boxd.it/amdnz3,3,,i liked that they showed the outfits,,2025-07-16
2025-07-19,Mr. Brooks,2007,https://boxd.it/ao2Vjz,3,,is it bad that i laughed almost every time right before marshall did??,,2025-07-18
2025-07-20,Flight Risk,2025,https://boxd.it/aoPI4J,3,,the landing scene was fun,,2025-07-19
2025-07-21,Rushmore,1998,https://boxd.it/apTarB,5,,"this is what my coworkers probably think i’m up to all day

i love how he puts his whole self into everything",,2025-07-21
2025-07-25,Superman,2025,https://boxd.it/asSLzd,3,,why is the logo on the cape not right,,2025-07-24
2025-07-27,The Muppets Take Manhattan,1984,https://boxd.it/auqOht,4,,"we need more baby muppets !!!!

<i>do you believe in interspecies dating?? 🥺</i>
<i>well ive gone out with some rats before </i>

what if for my wedding we just did that exact scene shot by shot <i>🤔🤔🤔</i>",,2025-07-26
2025-07-27,The Favourite,2018,https://boxd.it/auBZaP,3,,"horatio has done it again! 

i liked the costumes and the battle but it was too long",,2025-07-26
2025-07-27,Bridge of Spies,2015,https://boxd.it/auKzzd,5,Yes,🫡🫡🫡🫡🫡🫡,,2025-07-27
2025-07-28,Into the Inferno,2016,https://boxd.it/avBUIB,4,,"that first shot of the 1973 eruption in Iceland with the boat  in front of the magma. 

there’s volcano lightning???

<i>It's good that they are there.
And the soil we are walking upon,
uh, is not permanent.
<i>There's no permanence</i>
<i>to what we are doing...</i>
<i>no permanence to the efforts</i>
<i>of human being,</i>
<i>no permanence to art,</i>
<i>no permanence to science.</i>

<i>There is something of a crust</i>
<i>that is somehow moving,</i>
<i>and it makes me fond of the volcano</i>
<i>to know that our life,</i>

<i>human life, or animals,</i>
<i>can only live and survive</i>
<i>because the volcanoes created</i>
<i>the atmosphere that we need</i>",,2025-07-27
2025-07-29,One Hour Photo,2002,https://boxd.it/awuAbd,3,,that kid had the gift,,2025-07-28
2025-07-29,The Kid,1921,https://boxd.it/awyk81,4,,the kid,,2025-07-29
2025-07-30,The Jungle Book,2016,https://boxd.it/axjZqp,3,,that’s a large monkey !!,,2025-07-29
2025-08-02,The Fantastic 4: First Steps,2025,https://boxd.it/aztvtB,3,,"i feel like they should’ve killed her off, the whole death of the mother allegory (mother earth, the herald ‘dying’ for her child & planet)

and if they wanted to keep the fantastic four as the same actors, they could’ve just done a parallel universe, where sue829 comes and helps fight the new guy",,2025-08-01
2025-08-03,Youth in Revolt,2009,https://boxd.it/aAe9Ap,5,,"not really surprising this is in my wheelhouse, i too become knockoff timmy chalamet when crushing hard on a girl from michigan 


( 🚴)",,2025-08-02
2025-08-07,Dark Waters,2019,https://boxd.it/aDATZB,4,,"i wish i had a lawyer friend that needed help sorting papers by year, i feel like it could be a fun weekend",,2025-08-06
2025-08-07,"Good Night, and Good Luck.",2005,https://boxd.it/aDE6mN,3,,too many big words but i liked all the historical footage,,2025-08-07
2025-08-08,Death of a Salesman,1985,https://boxd.it/aEi8rl,1,,"I just can’t finish this, made it to when the dad gets to the bar. 

i don’t like any of the characters",,2025-08-07
2025-08-08,Wet Hot American Summer,2001,https://boxd.it/aElUCn,4,,i liked that it always kept moving,,2025-08-08
2025-08-09,Speed,1994,https://boxd.it/aEWgcN,4,,jealous of people that know their bus driver’s name,,2025-08-08
2025-08-09,The Incredibles,2004,https://boxd.it/aF0SDl,5,Yes,michael giacchino !,,2025-08-08
2025-08-09,Incredibles 2,2018,https://boxd.it/aF6bOd,3,,the baby and edna mode,,2025-08-09
2025-08-10,Only the Brave,2017,https://boxd.it/aFN0lv,3,Yes,"<i>no soup could be prouder of his boys </i>


this could’ve ended in like five different places but it kept going",,2025-08-09
2025-08-10,Upgrade,2018,https://boxd.it/aFRt63,4,,what i think will happen if i write my code with gpt5,,2025-08-09
2025-08-10,Minority Report,2002,https://boxd.it/aFXDTB,3,,"everything is the same in the future (2055) except cop tools and advertising 

colin farrell introduced <i>as “the twink from the fed”??</i>

the first time i watched this i didn’t make it past the first 10 mins cause i thought the whole movie would look like that; this must’ve taken so much work to animate in after effects",,2025-08-09
2025-08-11,The Running Man,1987,https://boxd.it/aGxxiB,3,,"i’m kinda looking forward to the remake

The most unrealistic part of this being in 2017 is them giving the factory guards any sort of PPE 

people’s patience for watching dancing in the 80s was so much higher than now 

love how none of the jokes are delivered with the right cadence",,2025-08-10
2025-08-11,Kindergarten Cop,1990,https://boxd.it/aGGBz5,5,,I love every single one of the kids,,2025-08-10
2025-08-12,Days of Thunder,1990,https://boxd.it/aHAOkT,2,,"i just didn’t care at all about the plot, the best part is nicole kidmans accent 

also realized road rage is an ick for me",,2025-08-11
2025-08-13,Point Break,1991,https://boxd.it/aIi1wT,3,,kinda long 🚴 but the 90 min cut would be 4 stars,,2025-08-12
2025-08-15,Weapons,2025,https://boxd.it/aJCoy3,4,,seven movies for the price of one!,,2025-08-14
2025-08-18,27 Dresses,2008,https://boxd.it/aLzGEv,4,Yes,"The first time I saw this was in a makeshift theater in Belize, the movie was already halfway through when we walked in but luckily 20 mins later the laptop running the movie froze, and the staff started it over from the beginning",,2025-08-17
2025-08-18,The Ugly Truth,2009,https://boxd.it/aLDXNH,3,,"love that his work badge photo is a pug 

The lighting on the shots where the cat is in the tree 🥰

her happy dance 

smokey the bear hot air balloon",,2025-08-17
2025-08-22,The Fighter,2010,https://boxd.it/aOO1Zp,2,,I LOVE AMY ADAMS!!!!!,,2025-08-21
2025-08-22,Leap Year,2010,https://boxd.it/aOR01f,3,,"i did a half perimeter drive around ireland and it was amazing, highly recommend",,2025-08-22
2025-08-24,Friendship,2024,https://boxd.it/aQeLmp,3,,it has good bones,,2025-08-23
2025-08-25,The Report,2019,https://boxd.it/aQKtRX,3,,6.5 million pages,,2025-08-24
2025-08-25,Being John Malkovich,1999,https://boxd.it/aQVA5t,4,,"<i>master of puppets i’m pulling your strings
</i>twisting your mind and smashing your dreams
…

wait but how do puppeteers actually do that, it’s so expressive",,2025-08-24
2025-08-25,Little Miss Sunshine,2006,https://boxd.it/aR9cKP,5,Yes,just keep swimming,,2025-08-25
2025-08-30,Magnolia,1999,https://boxd.it/aUhHTV,3,,Magic that it’s three hours and doesn’t feel like it but eh,,2025-08-29
2025-08-31,The Apprentice,2024,https://boxd.it/aUXTMV,3,,i wonder what he would’ve been like with other mentors,,2025-08-30
2025-08-31,Brothers,2024,https://boxd.it/aV0AhF,1,,made it to when he falls from the motel and figured that’s where it would peak,,2025-08-30
2025-09-01,Mamma Mia!,2008,https://boxd.it/aVWodn,4,,can’t go wrong with abba,,2025-09-01
2025-09-01,Mamma Mia! Here We Go Again,2018,https://boxd.it/aVZVVt,2,,"lily james is mother 

also bill is definitely a serial killer 

 they filmed the ‘don’t let me down’ scene during the day and were like let’s put a giant moon over the sun, that’ll do it 

there’s no way her prequel is canon",,2025-09-01
2025-09-02,Tropic Thunder,2008,https://boxd.it/aWr3Ll,3,,great cast but they forgot the funny,,2025-09-01
2025-09-02,Training Day,2001,https://boxd.it/aWB33j,4,,even just the first 80% would be great even without the next part,,2025-09-01
2025-09-02,Frances Ha,2012,https://boxd.it/aWECIx,4,,clerks but nyc,,2025-09-01
2025-09-07,The Matrix,1999,https://boxd.it/aZNSyj,4,Yes,"<i>You have a problem with authority, Mr. Anderson. You believe that you are special, that somehow the rules do not apply to you.</i>
<i>Obviously, you are mistaken.</i>

<i>This company is one of the top software companies in the world because every single employee understands that they are a part of a whole. Thus, if an employee has a problem, the company has a problem.</i>

too real 😅

(also metrograph seats kinda uncomfortable)",,2025-09-07
2025-09-08,Decision to Leave,2022,https://boxd.it/b0B15X,4,,"do you think chain mail gloves standard issue?

this and ‘in the mood for love’ double feature would go hard

him texting her and the rollercoaster of emotional as she keeps typing 😭😭",,2025-09-08
2025-09-09,On the Count of Three,2021,https://boxd.it/b187MJ,3,,lost me a bit in the middle,,2025-09-08
2025-09-09,Prisoners,2013,https://boxd.it/b1d0x3,4,,he is NOT a good man lmao,,2025-09-09
2025-09-10,Materialists,2025,https://boxd.it/b1K6OF,3,,"getting married on a hill like that is cursed, and with such a short officiant too??

there’s some good lines in there but it’s missing something, (i like the cave people voice over) 

chris evans wasn’t believable, he didn’t feel like he was madly in love with his ex, and he cleans up too well. adam sandler would’ve done well in this role like 30 years ago 

she has really nice hair but i’m not a fan of a chunky hoop that doesn’t hug the earlobe",,2025-09-09
2025-09-12,Hot Potato: The Story of The Wiggles,2023,https://boxd.it/b2Me99,3,,"I never knew the wiggles growing up, but it always surprises me how much thought and care goes into early childhood education

also, im watching this on 9/11 but I was not expecting them to mention 911",,2025-09-11
2025-09-14,Pain and Glory,2019,https://boxd.it/b3M0Ml,4,,i wish i knew how to write,,2025-09-13
2025-09-14,"sex, lies, and videotape",1989,https://boxd.it/b3Xlzz,4,,"“men learn to love the person they are attracted to, and women become more and more attracted to the person that they love” 

I put this on my list because it was the eighth most rented movie in 1990 (at least according to a YouTube video about the little mermaid I saw) I had to know why everyone was renting it",,2025-09-13
2025-09-15,Redacted,2007,https://boxd.it/b4vut9,1,,"he really does make it feel like found footage, unfortunately most found footage is incredibly boring 

it sucks how terrible this movie is because people should know the horrible things these soldiers did but this movie doesn’t do Abeer and her family justice",,2025-09-14
2025-09-15,Swiss Army Man,2016,https://boxd.it/b4AyjR,4,,so true,,2025-09-14
2025-09-15,No Hard Feelings,2023,https://boxd.it/b4MiGf,4,,funny,,2025-09-14
2025-09-16,Happyend,2024,https://boxd.it/b5pw3J,5,,"<i>you’re just gonna follow the rules because they’re rules?</i>

sometimes it’s worth doing <i>because</i> there’s consequences",,2025-09-15
2025-09-17,Columbus,2017,https://boxd.it/b5X1RV,3,,"This message brought to you by the tourism board for the city of Colombus

great shots and nice buildings and she’s adorable but i didn’t get what they were getting at",,2025-09-16
2025-09-19,Deep Cover,2025,https://boxd.it/b6XoDV,4,,fun but i wish they played some clips or bloopers during the credits,,2025-09-19
2025-09-21,Ballerina,2025,https://boxd.it/b7Hs2V,,,"put this on so i could nap on the plane (complimentary) 

probably 3 stars",,2025-09-20
2025-09-21,Capote,2005,https://boxd.it/b7Oxr1,4,,i gotta read the book now,,2025-09-20
2025-09-23,Theater Camp,2023,https://boxd.it/b9vwx3,3,,this is what HSMTMTS season 3 should’ve been,,2025-09-22
2025-09-23,Prisoner of War,2025,https://boxd.it/b9zQah,2,,they should’ve killed him like 5 different times,,2025-09-22
2025-09-24,The Life of Chuck,2024,https://boxd.it/ba7YEn,3,,part one was cool,,2025-09-23
2025-09-25,Mission: Impossible II,2000,https://boxd.it/baEMRP,3,,"after the credits, leave it playing and go make dinner, eat the dinner and then come back to watch the ending",,2025-09-25
2025-09-26,Jiro Dreams of Sushi,2011,https://boxd.it/bb5MZN,3,,🤤🤤,,2025-09-25
2025-09-26,Inside Man,2006,https://boxd.it/bbavdn,5,Yes,I was looking up movies like this to watch and I figured why not just watch the original,,2025-09-26
2025-10-02,I'm Still Here,2024,https://boxd.it/beGQHf,5,,coming soon to a city near you,,2025-10-01
2025-10-02,The Birdcage,1996,https://boxd.it/beP7n3,4,,we <i>are</i> family,,2025-10-01
2025-10-06,Swallow,2019,https://boxd.it/bhnEOd,3,,some great camera work and nice outfits,,2025-10-05
2025-10-06,Detachment,2011,https://boxd.it/bhrzFj,4,,so true,,2025-10-05
2025-10-06,The Thin Red Line,1998,https://boxd.it/bhuo0b,1,,"i’m going AWOL on this movie, send me to court martial idc",,2025-10-05
2025-10-06,Soulmate,2023,https://boxd.it/bhzTj9,5,,아ㅏㅏㅏㅏ 귀엽고 슬픈 영화네 ㅠㅠ,,2025-10-05
2025-10-07,The Thursday Murder Club,2025,https://boxd.it/bieofn,4,,listen to the audiobook instead!!,,2025-10-07
2025-10-08,KPop Demon Hunters,2025,https://boxd.it/biKaZv,3,,"songs are good but the plot made no sense? 
zoey is my bias",,2025-10-07
2025-10-08,Music and Lyrics,2007,https://boxd.it/biNSQX,3,,"HALEY BENNETT 

also pop goes my heart is a good song",,2025-10-08
2025-10-09,Dan in Real Life,2007,https://boxd.it/bjlZdV,5,,"<i style=""-webkit-text-size-adjust: 100%;"">love is not a feeling it’s an ability</i>


i think the film captures Dan’s change from being an ability lover ( 🥪 and 📚 ) to being a feeling lover ( 🚔🎸🎳 )  and that’s kinda sweet

idk maybe part of life <i>is</i> just letting yourself fall into things and being courageous enough to know you’ll make it through and not worry to much about getting it all right. 

(also i like the small touches like how he’s still wearing the bowling shoes when he opens lily’s gift)",,2025-10-09
2025-10-10,The Good Shepherd,2006,https://boxd.it/bjRUiv,4,,i’m so envious of the amount of info they got from the recording and photo,,2025-10-09
2025-10-12,The Greatest Showman,2017,https://boxd.it/bleW4Z,3,Yes,<i>real estate in manhattan is a terrible investment </i>,,2025-10-12
2025-10-12,Crazy Rich Asians,2018,https://boxd.it/blipI1,,Yes,i feel like the mahjong reveal isn’t as punchy as i think they thought it would be,,2025-10-12
2025-10-13,There's Something About Mary,1998,https://boxd.it/blEfvZ,3,,i like the prom scene and the dog in the bathroom but matt dillon wasn’t funny,,2025-10-12
2025-10-13,Norbit,2007,https://boxd.it/blW0pD,4,,"the way i screamed when i saw he PLAYS RASPUTIA TOO amazing 

the bit of the bed getting crushed was great and of course turkey ass

they did an amazing job with the young versions too",,2025-10-12
2025-10-17,Swing Girls,2004,https://boxd.it/bosEul,5,,absolutely hilarious and innocent fun,,2025-10-17
2025-10-18,Sing Street,2016,https://boxd.it/bp3Pb9,5,Yes,it’s the kind of movie you put on while you’re doing something else but then you stop whatever it is and get captured,,2025-10-17
2025-10-19,Nobody Knows,2004,https://boxd.it/bpM1nz,4,,so grateful for my upbringing,,2025-10-18
2025-10-20,Ex Machina,2015,https://boxd.it/bqFObd,3,,this is what happened to that google employee,,2025-10-19
2025-10-21,In the Name of the Father,1993,https://boxd.it/br08Ef,4,,they couldn’t put a single photo of the real people in the movie?,,2025-10-20
2025-10-21,The Post,2017,https://boxd.it/br4hI9,4,Yes,"the AP is reporting: “Journalists turn in access badges, exit Pentagon rather than agree to new reporting rules” ✊",,2025-10-20
2025-10-21,Trap,2024,https://boxd.it/brged7,4,,he is really charming though,,2025-10-20
2025-10-22,The Bourne Identity,2002,https://boxd.it/brSpbx,5,,if it was me i would’ve just remembered everything. I’m just built different like that.,,2025-10-21
2025-10-28,All We Imagine as Light,2024,https://boxd.it/bw8GEf,3,,watched this on the plane and was falling asleep but maybe gotta try a second watch later,,2025-10-27
2025-10-28,The Loneliest Whale: The Search for 52,2021,https://boxd.it/bw8ImR,3,,"<i>cut that loud mess out</i>

i wanna sit on top of a whale",,2025-10-27
2025-10-28,Ford v Holden,2023,https://boxd.it/bw8K4P,3,,"the voiceover feels like a forza cutscene 
but 60s cars  looks cool
and i like all the old footage",,2025-10-27
2025-10-30,The Bourne Supremacy,2004,https://boxd.it/bxvggh,3,,but imagine how good the movie would be if it was just slightly zoomed out,,2025-10-30
2025-10-31,The Da Vinci Code,2006,https://boxd.it/by5Y3j,3,,"I went to the temple church for a wedding!  and I went out the same side entrance! 

(book is better cause you get more history but the trade-off is more misogyny)

also, also this movie just keeps going it does not stop",,2025-10-30
2025-10-31,Angels & Demons,2009,https://boxd.it/bya3c9,3,,"first pope with a chest tattoo????

for a guy who’s only in it for the money, the assassin did an amazing job. He deserved a tip",,2025-10-31
2025-11-02,The Bourne Ultimatum,2007,https://boxd.it/bzADVP,4,,"<i>if you were, we’d be having this conversation, face-to-face 
</i>LETS FRICKING GO THATS RIGHT GET HIS ASS


this movie is a perfect example of why you need to de-escalate instead of escalating constantly. they could’ve just left him on the beach chilling.",,2025-11-01
2025-11-02,A House of Dynamite,2025,https://boxd.it/bzF2yf,4,,we need the HBO miniseries where the finale finally shows the end,,2025-11-02
2025-11-02,Highest 2 Lowest,2025,https://boxd.it/bzIQbh,2,,"I was about to turn off this movie until the kidnapping happened and then I kind of just left it on due to momentum

<i>they spelled my name right</i> 
david king?",,2025-11-02
2025-11-02,A Few Good Men,1992,https://boxd.it/bzLHWp,5,Yes,<i>TEN HUT. THERES AN OFFICER ON DECK 🫡🫡</i>,,2025-11-02
2025-11-03,The Day After Tomorrow,2004,https://boxd.it/bAirfv,3,Yes,vice president kinda looks like harry truman just kind of fitting considering he becomes the president through death,,2025-11-02
2025-11-03,Bring It On,2000,https://boxd.it/bAnOzD,3,,"the lighting is really good in this 

also i like kirsten dunst",,2025-11-02
2025-11-03,"It's the Great Pumpkin, Charlie Brown",1966,https://boxd.it/bAoZoN,3,,the ending scene is great but it’s too short,,2025-11-02
2025-11-03,Safety Last!,1923,https://boxd.it/bAshCz,3,,"goes hard once they start climbing 


omg the font going tiny was so cute too",,2025-11-02
2025-11-03,About a Boy,2002,https://boxd.it/bAwzjD,3,,"I think it starts a little weakly, but it gets better as it goes on. at the end, I was kind of wishing it would’ve learned more into being a Christmas movie",,2025-11-02
2025-11-03,Waitress: The Musical,2023,https://boxd.it/bAAWfH,4,,"“rare turtle collection” would work on me im afraid 

that doctor can really sing 

not specific to this show but I think it’s interesting how opinionated the camera is with what to look at, obviously watching it in real life, you could look at anything on stage, but the camera is constantly focusing on what IT thinks is important",,2025-11-02
2025-11-04,The Last Samurai,2003,https://boxd.it/bBfAyf,4,,he should’ve done the entire last scene in Japanese,,2025-11-04
2025-11-05,Silver Linings Playbook,2012,https://boxd.it/bBNXh5,2,,"i’m glad they got better and found each other and what not but eeeeh 

You should watch Dan in real life instead",,2025-11-05
2025-11-06,Dick,1999,https://boxd.it/bCmGdP,3,,forrest gump but more fun,,2025-11-05
2025-11-07,Hoodwinked!,2005,https://boxd.it/bCR3IL,3,,"<i>YOU CAN TAKE THE CRITTER OUT OF THE TREE BUT YOU CAN’T TAKE THE TREE OUT OF THE TREE CRITTER’S KNEE!</i>

someone made what was in their heart and that’s all that matters",,2025-11-06
2025-11-07,Notting Hill,1999,https://boxd.it/bCTZcd,4,Yes,"why didn’t he tell her that the press were there before she opened the door though??

<i>james bond never has to put up with this sort of shit </i>",,2025-11-07
2025-11-09,Tinker Tailor Soldier Spy,2011,https://boxd.it/bEohKr,4,Yes,There’s too many damn characters with different names and I don’t know who who’s or what the hell is going on but the vibe is really good,,2025-11-09
2025-11-10,Deep Impact,1998,https://boxd.it/bF4fKt,2,,rip jon favreau 🫡,,2025-11-09
2025-11-10,Code 3,2025,https://boxd.it/bFhcid,3,,"cops always be escalating things

I love how all the a-roll is shot normally but all the b-roll is shot by Michael Bay",,2025-11-09
2025-11-11,Frost/Nixon,2008,https://boxd.it/bFZ1Dd,4,,dang Richard Nixon was only 62 when his presidency ended basically just a child these days,,2025-11-11
2025-11-11,The Woman in Cabin 10,2025,https://boxd.it/bG1qVv,2,,"if no ones in cabin 10, then why did Anne go into cabin 10?",,2025-11-11
2025-11-12,The Outfit,2022,https://boxd.it/bGEQft,3,,suspending all disbelief while watching my kids high school play,,2025-11-12
2025-11-12,Waitress,2007,https://boxd.it/bGHntn,3,,go watch the musical!!,,2025-11-12
2025-11-14,Jack Reacher,2012,https://boxd.it/bHvTWB,5,,fun movie and i’m so glad the fights are understandable (im talking about your bourne),,2025-11-13
2025-11-16,Snack Shack,2024,https://boxd.it/bIZzLd,4,,"iowa has bad corn 

movie theater with the lights on something playing on the screen party sounds fun actually

making him mow the grass is cruel and unusual punishment",,2025-11-15
2025-11-16,Not Okay,2022,https://boxd.it/bJ634P,2,,I like that it takes place in New York,,2025-11-15
2025-11-16,Austin Powers: International Man of Mystery,1997,https://boxd.it/bJlhfH,4,,fun and the gags are still good,,2025-11-15
2025-11-16,Now You See Me,2013,https://boxd.it/bJp9ct,3,Yes,This is kind of like the first fast and the furious where it’s all real and I expect in the next 10 movies it’s gonna get more and more ridiculous,,2025-11-15
2025-11-16,Game Night,2018,https://boxd.it/bJrHA9,5,Yes,"hilarious absolutely hilarious and so many good callbacks

Also his Denzel is so good",,2025-11-16
2025-11-16,Steve,2025,https://boxd.it/bJtM3j,3,,glad it wasn’t like every other savior movie,,2025-11-16
2025-11-17,The Long Walk,2025,https://boxd.it/bKdCuB,3,,peanut butter and jelly the looooooong way,,2025-11-16
2025-11-17,Psycho,1960,https://boxd.it/bKgDqV,3,,she had no survival instinct or nothing,,2025-11-16
2025-11-18,Hitchcock,2012,https://boxd.it/bKOiuP,2,,"this is basically three stars, but I can’t rated at the same as psycho. Psycho is better.",,2025-11-17
2025-11-18,Here,2024,https://boxd.it/bKOKf9,1,,"maybe I’ll try again later, but I can’t.",,2025-11-17
2025-11-18,Austin Powers: The Spy Who Shagged Me,1999,https://boxd.it/bKTDmH,3,,not as clean as the first but still good,,2025-11-17
2025-11-19,Roofman,2025,https://boxd.it/bLsXrR,3,,"I thought it would be better, but it was a solid movie. I mean, yeah sure if he did it but like did he deserve to go to prison??",,2025-11-18
2025-11-19,Sex Appeal,2022,https://boxd.it/bLxrBl,1,,I wish Mika was in more movies cause i like her but this feels like it was written by her AI,,2025-11-19
2025-11-20,Neighborhood Watch,2025,https://boxd.it/bLySnx,4,,your unemployed friend on Tuesday,,2025-11-19
2025-11-20,Fresh,2022,https://boxd.it/bLAYkt,3,,fresh frozen,,2025-11-19
2025-11-20,Licorice Pizza,2021,https://boxd.it/bLX21p,4,,he’s got so much aura 🥵,,2025-11-19
2025-11-21,Flight,2012,https://boxd.it/bMDCkr,3,,(John Goodman),,2025-11-20
2025-11-21,Johnny English,2003,https://boxd.it/bMGzHt,2,,I can’t believe they got the monkey guy to sing the theme song!!,,2025-11-20
2025-11-21,Shiva Baby,2020,https://boxd.it/bMIGaP,2,,"i’m kind of more like Molly Gordon, so I just wouldn’t be stressed at all",,2025-11-20
2025-11-22,Plus One,2019,https://boxd.it/bNod43,4,,me and who??,,2025-11-21
2025-11-22,Anyone But You,2023,https://boxd.it/bNrjl1,2,,"I feel like I couldn’t understand what anyone was saying why are they all mumbling?

also, I would’ve thought that the cake place would deliver. I never thought you’d have to go pick it up especially something that big.",,2025-11-22
2025-11-23,Tron,1982,https://boxd.it/bNXz5H,3,,"<i>soon computers and the programs will start thinking, and the people will stop</i>

it’s definitely a vibes movie. It lost me halfway through, but you just keep watching cause why not",,2025-11-22
2025-11-23,Pretty in Pink,1986,https://boxd.it/bO4KYR,1,,at least she had some cool outfits,,2025-11-22
2025-11-23,The Baltimorons,2025,https://boxd.it/bO962X,4,,God forbid a guy is happy for once in his life.,,2025-11-22
2025-11-23,"Oh, Hi!",2025,https://boxd.it/bOdzQ1,3,,"I mean, who hasn’t gone on a trip upstate with their something and wanted it to be more than it was",,2025-11-22
2025-11-24,Get Away,2024,https://boxd.it/bOFFdP,2,,"comedy? horror? 

the funniest part is when they said “ let’s get some swedes” and I turned to he person next to me and said “actually in the US we call that rutabaga”

I do like the idea that there’s this was the first of a bunch of slaycation universe of movies

i’d like to see more of Maisie too",,2025-11-23
2025-11-24,Meet Joe Black,1998,https://boxd.it/bOTPFn,4,,"I ate lunch, started watching this movie and then when it was done, it was time for dinner

so just for that, I’ll give it four stars, but they could’ve edited it down a little bit I think",,2025-11-23
2025-11-24,Fitzcarraldo,1982,https://boxd.it/bP2Ry7,4,,"<i>One must imagine Sisyphus happy</i>

like fitz, I just spent the last year of my life working on a incredibly complicated project, where i delegated all the work to un(der)paid labor, only to have it launch unceremoniously…. and still I’m excited about getting ready to do it all again for another project for another year.",,2025-11-23
2025-11-24,Burden of Dreams,1982,https://boxd.it/bP6Gfh,5,,"probably never has a movie so perfectly mirrored what it must’ve been like to film it (and i think that is part of the magic) 

as you’re watching Fitzcarraldo, you are watching this man pursue his dream and simultaneously are thinking <i>how the hell did they film this? Did they really just drag the boat up the entire hill? </i>

and then you watch the behind-the-scenes and you go <i>well yeah I guess they did…


</i>",,2025-11-23
2025-11-25,Paddleton,2019,https://boxd.it/bPKgLL,4,,The only funny part is when the barrel starts shaking!,,2025-11-24
2025-11-25,Triangle of Sadness,2022,https://boxd.it/bPOH7L,3,,"nightmare blunt rotation

act 2 was great and act 3 good too but too long",,2025-11-24
2025-11-26,Lessons of Darkness,1992,https://boxd.it/bQjuXr,2,,love his voice but wish there was a bit more info on what happened,,2025-11-25
2025-11-26,Petite Maman,2021,https://boxd.it/bQmBS5,4,,"I screwed up so bad not watching this with my mom

The little girls are amazing and the outfits are perfect",,2025-11-25
2025-11-26,Can't Hardly Wait,1998,https://boxd.it/bQpXNn,3,,I don’t know if I just wasn’t cool enough to even know that there were different cliques in school.,,2025-11-25
2025-11-28,Relay,2024,https://boxd.it/bRmdp3,4,,"1) we need more deaf representation ! the TTY aspect was really cool 

2) love lily james 

3) I just don’t believe that she was the head goon, I guess the tell is that they had so many videos of her on the company website?",,2025-11-27
2025-11-28,A Charlie Brown Thanksgiving,1973,https://boxd.it/bRrxDJ,2,,"I just don’t get Snoopy in this… He does such an amazing job setting the table and then he just starts throwing the food??? 
I think he should’ve thrown the food, but only after peppermint patty started complaining",,2025-11-27
2025-11-28,"Planes, Trains and Automobiles",1987,https://boxd.it/bRuFej,3,,"OK, the best part is the skeletons

Second best part is when they reverse into the hotel

I don’t understand why when they gave him a seat in coach he didn’t just say nah put me on the 8pm",,2025-11-27
2025-11-28,The Pink Panther,2006,https://boxd.it/bRyqKd,4,,"The first joke with the light got me lmao

TOO MANY BICYLISTS GETTING HURT IN THIS DAMN MOVIE 😡",,2025-11-27
2025-11-29,One Flew Over the Cuckoo's Nest,1975,https://boxd.it/bS776N,3,,"I don’t think the nurse was that bad, like I probably would’ve rebelled too, but she was trying her best",,2025-11-28
2025-11-30,Cheaper by the Dozen,2003,https://boxd.it/bSPPpd,5,,"he was so excited for her when he found out about the book😭

also great soundtrack",,2025-11-29
2025-11-30,Man on a Ledge,2012,https://boxd.it/bSUjCp,3,,why does it end so abruptly? they’re like yeah he’ll just like tackle him and take the diamond that’s fine,,2025-11-29
2025-11-30,Bergman Island,2021,https://boxd.it/bSZoNn,3,,"mamma mia 😍

I feel like I really wanted more mixing between the two stories, where by the end you couldn’t tell all what’s real and what’s not. And it kind of did that, but not enough. 

(Also, I’ve never seen the Bergman movie so I don’t know)",,2025-11-29
2025-12-01,Beyond the Infinite Two Minutes,2020,https://boxd.it/bTJvGZ,5,,"really fun and great use of the concept, short and sweet.",,2025-11-30
2025-12-04,Shrek,2001,https://boxd.it/bVAa4l,4,Yes,"I don’t know if I’m Shrek or donkey…. maybe I just wanna be a donkey, but I’m really Shrek?",,2025-12-03
2025-12-04,Spy,2015,https://boxd.it/bVDoGp,3,,it’s on the cusp of being funny,,2025-12-03
2025-12-06,TRON: Legacy,2010,https://boxd.it/bWStRB,2,,"they could make a utopia, but they don’t have any plants???

it’s so sad they gave up on the theme, the first one has actual opinions about what RAM would look like and power and files and what not, and now this is just white guy visits Hong Kong for the first time. 

they don’t give us any idea what the rules of the universe are, i get hes the creator but they should give us an idea of what his powers were before he uses them. Why didn’t he just use that he wind power on the guy to leave before?

also I feel like they should’ve just not showed his face in the beginning and continued shooting it in ways to hide the deaging in the outer world. The de aging in the computer I feel makes sense because they’re avatars of real people. thought I feel like it doesn’t make sense that CLU has his face? just so that they don’t have to hire another actor?",,2025-12-05
2025-12-06,Death Becomes Her,1992,https://boxd.it/bWV4GJ,3,,"<i>do you know what they do to soft, bald, overweight Republicans in prison?</i>

some of the shots in this are really good 

they should remake this, but only so that I can get some of the references",,2025-12-06
2025-12-06,Better Off Dead...,1985,https://boxd.it/bWWY3F,4,,hahaha,,2025-12-06
2025-12-07,Girl with a Pearl Earring,2003,https://boxd.it/bXERPb,4,,"A little too much fan service

also it’s amazing what hair does to your face? she looks totally different as the weird alien ghost in the beginning of the movie",,2025-12-06
2025-12-07,Ricky Gervais Live: Animals,2003,https://boxd.it/bXGHA5,3,,"started off a bit rough, but some funny bits

it really does feel when he’s laughing at his own jokes that he is remembering a real story instead of something he made up which makes it funnier

also, I had no idea they do encores for stand-up comedy??",,2025-12-07
2025-12-07,Harvie Krumpet,2003,https://boxd.it/bXHqp7,3,,the song was catchy,,2025-12-07
2025-12-07,Anger Management,2003,https://boxd.it/bXJJ5z,4,,"saying “I’ll go first” and then immediately saying truth or dare is evil 😈 

Jack Nicholson going la la la la la la la la",,2025-12-07
2025-12-08,The Recruit,2003,https://boxd.it/bXMs0j,4,,I really liked that they spent so much time at the farm because you don’t get to see that too often but they skimped a little bit on the second half plot,,2025-12-07
2025-12-08,The Shape of Things,2003,https://boxd.it/bYiWgv,3,,"im glad the reveal was good cause it was about to be a nothing movie

i like the concept that her art IS sculpting a real person, but i feel like they shouldve gone more surrealist by the end 
",,2025-12-07
2025-12-08,Phone Booth,2002,https://boxd.it/bYv8Jj,3,,I thought they would do more with this though I’m not really sure what they could’ve done,,2025-12-07
2025-12-08,Hotel Rwanda,2004,https://boxd.it/bYyeVr,5,,"<i>how can they not intervene when they see such atrocities?


</i>",,2025-12-07
2025-12-12,Ocean's Twelve,2004,https://boxd.it/c1ajBv,4,,The editing really brought me out of it,,2025-12-12
2025-12-14,The Manchurian Candidate,2004,https://boxd.it/c2iSJf,3,,"You should fear me, Mother. For I am the Kwisatz Haderach",,2025-12-13
2025-12-14,Wake Up Dead Man,2025,https://boxd.it/c2wJNZ,4,,🙏🙏🙏,,2025-12-13
2025-12-14,Hank Green: Pissing Out Cancer,2024,https://boxd.it/c2DxGB,3,,one of those where the entire thing is just one really long story,,2025-12-13
2025-12-14,I ♥ Huckabees,2004,https://boxd.it/c2KceP,3,,"is it bad I preferred dawns bonnet outfits ?? 

I like it as an introduction to some philosophical concepts and that it doesn’t really make a decision. I don’t know if I’m a blanket guy or a pain guy.",,2025-12-14
2025-12-15,Shark Tale,2004,https://boxd.it/c2NjYL,3,Yes,I like that they just took a script of a regular mob movie and then just were like yeah it’s fish,,2025-12-14
2025-12-15,Jingle Bell Run,2024,https://boxd.it/c3h6FL,4,Yes,"he did a great job choosing gifts for people

but still, the challenges don’t make any sense, what is orb backwards?",,2025-12-14
2025-12-15,A Suite Holiday Romance,2025,https://boxd.it/c3nIFr,2,,people who break up to avoid breaking up??? like at least give him the chance to be like hey I’m moving please,,2025-12-14
2025-12-15,Oy to the World,2025,https://boxd.it/c3tpqT,3,,"why is it always some corporation is like we need to do this meeting on Christmas Eve

they didn’t even let the kids sing at all ???
——- 

I wonder if the person who wrote this has the pin pen, merger and so “pin commandments” actually makes sense as a team name

edit: so I watched an interview with Rick Garman and I don’t think he does so i guess he couldn’t come up with anything better",,2025-12-14
2025-12-15,Christmas Above the Clouds,2025,https://boxd.it/c3yZkd,2,,feel like him ending up as a librarian is probably what he was gonna do anyway??,,2025-12-14
2025-12-16,Everything Christmas,2023,https://boxd.it/c4uXjX,2,,"I mean, I’m gonna finish it cause it’s on and it’s on TV but like what the heck

E.C.A.T.T. gotta be the worst name for a store 

Wait, that’s how it ended???????????????",,2025-12-16
2025-12-16,Hanukkah on Rye,2022,https://boxd.it/c4xBHp,4,,you’ve got mail but shot in Winnipeg,,2025-12-16
2025-12-17,This Place Rules,2022,https://boxd.it/c5eFzZ,4,,if they only knew what was about to happen,,2025-12-16
2025-12-18,Garden State,2004,https://boxd.it/c5Cstx,4,,this movie is a dream in both meanings of the word,,2025-12-17
2025-12-18,Dune,2021,https://boxd.it/c6hr49,4,Yes,my Arrakis…..,,2025-12-17
2025-12-19,Dune: Part Two,2024,https://boxd.it/c6yFcv,5,Yes,LISAN AL GAIB,,2025-12-18
2025-12-20,Avatar: Fire and Ash,2025,https://boxd.it/c7JTp5,4,,"he’d rather kill himself than become woke 😭😭😭



(extra star for imax 3D)",,2025-12-19
2025-12-20,Tom Clancy's Without Remorse,2021,https://boxd.it/c80DSz,3,,it’s giving tv show,,2025-12-19
