Date,Name,Year,Letterboxd URI
2024-09-28,Hayao Miyazaki and the Heron,2024,https://boxd.it/Njam
2024-09-28,Ponyo,2008,https://boxd.it/1S0A
2024-09-28,Four Weddings and a Funeral,1994,https://boxd.it/29KA
2024-09-28,Erin Brockovich,2000,https://boxd.it/2al2
2024-09-28,Five Feet Apart,2019,https://boxd.it/jaAK
2024-09-28,One Life,2023,https://boxd.it/sAhC
2024-09-28,American Sniper,2014,https://boxd.it/5LDy
2024-09-29,Perfect Days,2023,https://boxd.it/ATh8
2024-10-09,The Terminal,2004,https://boxd.it/2a2O
2024-10-12,Coco,2017,https://boxd.it/bYJQ
2024-10-20,Lars and the Real Girl,2007,https://boxd.it/21tG
2024-11-04,A Man Called Otto,2022,https://boxd.it/zl06
2024-11-09,Dead Poets Society,1989,https://boxd.it/2aSg
2024-11-24,Good Will Hunting,1997,https://boxd.it/2ahY
2024-11-30,"tick, tick... BOOM!",2021,https://boxd.it/jz2e
2025-01-06,The Peanuts Movie,2015,https://boxd.it/6Jci
2025-01-11,13 Going on 30,2004,https://boxd.it/1X6e
2025-01-19,My Old Ass,2024,https://boxd.it/zLP0
2025-01-30,The Six Triple Eight,2024,https://boxd.it/Ear6
2025-02-08,Little Women,2019,https://boxd.it/aSVk
2025-02-09,Sing Sing,2023,https://boxd.it/HIBA
2025-02-13,She Said,2022,https://boxd.it/vBaI
2025-02-14,La La Land,2016,https://boxd.it/a5fa
2025-03-01,A Real Pain,2024,https://boxd.it/CjNG
2025-03-20,The Big Sick,2017,https://boxd.it/eHvy
2025-03-21,Big Fish,2003,https://boxd.it/2a3M
2025-04-25,Freedom Writers,2007,https://boxd.it/28p2
2025-05-20,About Time,2013,https://boxd.it/43bI
2025-05-23,The Weather Man,2005,https://boxd.it/21gM
2025-06-05,The Sisterhood of the Traveling Pants,2005,https://boxd.it/1XPo
2025-06-15,The Ballad of Wallis Island,2025,https://boxd.it/GqT0
2025-06-17,Fire of Love,2022,https://boxd.it/yoPY
2025-07-27,Bridge of Spies,2015,https://boxd.it/9n9C
2025-08-25,Little Miss Sunshine,2006,https://boxd.it/29EW
2025-09-15,Swiss Army Man,2016,https://boxd.it/bDG2
2025-09-21,Capote,2005,https://boxd.it/2atq
2025-10-18,Sing Street,2016,https://boxd.it/cOo6
2025-10-19,Nobody Knows,2004,https://boxd.it/26E0
2025-10-21,The Post,2017,https://boxd.it/fTeG
2025-12-08,Hotel Rwanda,2004,https://boxd.it/2aSA
2025-12-21,Twinless,2025,https://boxd.it/LkKc
