Date,Name,Year,Letterboxd URI,Rating,Rewatch,Tags,Watched Date
2024-07-06,NYAD,2023,https://boxd.it/6OsUPt,3,,,2024-02-05
2024-07-06,Inside Out,2015,https://boxd.it/6OsWnr,3,,,2024-02-11
2024-07-06,Dune,2021,https://boxd.it/6OsYoB,3,,,2024-02-29
2024-10-12,The Holdovers,2023,https://boxd.it/7wW4xD,4,,,2024-03-01
2024-07-06,Dune: Part Two,2024,https://boxd.it/6OsYFx,4,,,2024-03-03
2024-10-12,Anatomy of a Fall,2023,https://boxd.it/7wW8Gp,3,,,2024-03-18
2024-07-06,Spider-Man: Into the Spider-Verse,2018,https://boxd.it/6OsVn1,3,,,2024-04-30
2024-07-06,Mad Max: Fury Road,2015,https://boxd.it/6OsXlh,4,,,2024-05-01
2024-07-06,Turtles All the Way Down,2024,https://boxd.it/6OsLqT,3,,,2024-05-05
2024-07-06,Napoleon Dynamite,2004,https://boxd.it/6OveQF,2,,,2024-05-25
2024-07-06,You've Got Mail,1998,https://boxd.it/6OsKVr,3,,,2024-05-26
2024-10-12,Spirited Away,2001,https://boxd.it/7wWz7h,5,Yes,,2024-06-12
2024-07-06,School of Rock,2003,https://boxd.it/6OsJJT,5,Yes,,2024-06-14
2024-07-06,10 Things I Hate About You,1999,https://boxd.it/6OsKBL,4,,,2024-06-20
2024-07-06,The Perks of Being a Wallflower,2012,https://boxd.it/6OsLV3,4,,,2024-06-20
2024-07-06,Zootopia,2016,https://boxd.it/6OsKaZ,3,,,2024-06-29
2024-07-06,American Sniper,2014,https://boxd.it/6OsFSd,3,,,2024-07-04
2024-07-06,(500) Days of Summer,2009,https://boxd.it/6OuSVX,5,,,2024-07-05
2024-07-08,The Sound of Music,1965,https://boxd.it/6Pvxbb,4,Yes,,2024-07-07
2024-07-08,Soul,2020,https://boxd.it/6PyqVR,4,,,2024-07-07
2024-07-09,Wonka,2023,https://boxd.it/6Q1I3r,2,,,2024-07-08
2024-07-10,Bob Marley: One Love,2024,https://boxd.it/6QlIa3,3,,,2024-07-09
2024-07-10,Top Gun: Maverick,2022,https://boxd.it/6QwbCF,5,Yes,,2024-07-10
2024-07-10,There Will Be Blood,2007,https://boxd.it/6QwmDT,2,,,2024-07-10
2024-07-10,When Harry Met Sally...,1989,https://boxd.it/6Qwn67,3,,,2024-07-10
2024-07-10,Yesterday,2019,https://boxd.it/6QwnRH,3,,,2024-07-10
2024-07-10,The Courier,2020,https://boxd.it/6QwoUH,3,,,2024-07-10
2024-07-16,The Breakfast Club,1985,https://boxd.it/6SVdlf,3,,,2024-07-15
2024-07-16,Pride & Prejudice,2005,https://boxd.it/6SVf2f,4,,,2024-07-15
2024-07-18,Gladiator,2000,https://boxd.it/6U5laD,3,,,2024-07-18
2024-07-25,Gosford Park,2001,https://boxd.it/6XkUOF,2,,,2024-07-25
2024-07-25,North by Northwest,1959,https://boxd.it/6XkVxF,2,,,2024-07-25
2024-07-25,One Life,2023,https://boxd.it/6XkVQn,3,,,2024-07-25
2024-07-25,Hard Miles,2023,https://boxd.it/6XkW6Z,3,,,2024-07-25
2024-07-25,Coraline,2009,https://boxd.it/6XkYD7,3,,,2024-07-25
2024-07-27,Ronin,1998,https://boxd.it/6Y55zj,4,,,2024-07-26
2024-07-29,Avatar: The Way of Water,2022,https://boxd.it/6YRZRT,2,,,2024-07-28
2024-07-29,The French Connection,1971,https://boxd.it/6YS1vb,1,,,2024-07-28
2024-07-29,Sleepless in Seattle,1993,https://boxd.it/6YVsQr,4,,,2024-07-28
2024-07-30,Howl's Moving Castle,2004,https://boxd.it/6ZvM1v,4,,,2024-07-29
2024-07-31,9/11: Inside the President's War Room,2021,https://boxd.it/6ZUJgn,3,,,2024-07-30
2024-08-01,Spirited Away: Live on Stage,2022,https://boxd.it/705tPD,4,,,2024-07-31
2024-08-01,Deadpool & Wolverine,2024,https://boxd.it/70g5xd,2,,,2024-07-31
2024-08-04,Knocked Up,2007,https://boxd.it/71DuKh,3,,,2024-08-03
2024-08-04,This Is 40,2012,https://boxd.it/71GcB3,2,,,2024-08-03
2024-08-05,Sideways,2004,https://boxd.it/723CDF,2,,,2024-08-04
2024-08-05,A Few Good Men,1992,https://boxd.it/724Sk7,5,Yes,,2024-08-04
2024-08-05,Joy Ride,2023,https://boxd.it/724VZR,2,Yes,,2024-08-04
2024-08-05,Léon: The Professional,1994,https://boxd.it/728OCz,3,,,2024-08-04
2024-08-08,Booksmart,2019,https://boxd.it/73jpHZ,3,,,2024-08-07
2024-08-08,Goldfinger,1964,https://boxd.it/73jB6L,2,,,2024-08-07
2024-08-13,Napoleon,2023,https://boxd.it/75ir71,3,,,2024-08-12
2024-08-13,The Prestige,2006,https://boxd.it/75irIB,4,,,2024-08-12
2024-08-13,Nightmare Alley,2021,https://boxd.it/75itjD,2,,,2024-08-12
2024-08-13,Death on the Nile,2022,https://boxd.it/75iur9,3,,,2024-08-12
2024-08-13,The Grand Budapest Hotel,2014,https://boxd.it/75iuZ1,4,,,2024-08-12
2024-08-19,Pirates of the Caribbean: The Curse of the Black Pearl,2003,https://boxd.it/78yChP,3,,,2024-08-19
2024-08-19,Pirates of the Caribbean: Dead Man's Chest,2006,https://boxd.it/78yCY5,3,,,2024-08-19
2024-08-20,How to Lose a Guy in 10 Days,2003,https://boxd.it/78Hg19,3,,,2024-08-19
2024-08-20,Five Feet Apart,2019,https://boxd.it/78Koa5,3,,,2024-08-19
2024-08-21,Erin Brockovich,2000,https://boxd.it/797H47,4,,,2024-08-20
2024-08-25,The Guernsey Literary & Potato Peel Pie Society,2018,https://boxd.it/7b4pEX,3,,,2024-08-24
2024-08-26,Hit Man,2023,https://boxd.it/7bA7cb,3,,,2024-08-25
2024-08-26,The Instigators,2024,https://boxd.it/7bFHcL,4,,,2024-08-25
2024-09-02,Twisters,2024,https://boxd.it/7eM6hl,3,,,2024-09-01
2024-09-02,Scoop,2024,https://boxd.it/7eUPfZ,2,,,2024-09-01
2024-09-02,Boiling Point,2021,https://boxd.it/7eXBtJ,4,,,2024-09-02
2024-09-08,Serena,2014,https://boxd.it/7hyd3f,2,,,2024-09-07
2024-09-09,Watchmen,2009,https://boxd.it/7i6InD,4,Yes,,2024-09-08
2024-09-09,Four Weddings and a Funeral,1994,https://boxd.it/7i9dEJ,3,,,2024-09-08
2024-09-21,Furiosa: A Mad Max Saga,2024,https://boxd.it/7nh3Sd,4,,,2024-09-21
2024-09-23,Ponyo,2008,https://boxd.it/7o91nP,4,,,2024-09-22
2024-09-24,Hayao Miyazaki and the Heron,2024,https://boxd.it/7osJAL,3,,,2024-09-22
2024-09-28,Wolfs,2024,https://boxd.it/7qgqoZ,3,,,2024-09-27
2024-09-29,Perfect Days,2023,https://boxd.it/7qN0hf,4,,,2024-09-28
2024-10-06,It's What's Inside,2024,https://boxd.it/7u5ksZ,4,,,2024-10-05
2024-10-08,Rebel Ridge,2024,https://boxd.it/7v9NRh,3,,,2024-10-07
2024-10-09,The Terminal,2004,https://boxd.it/7vyLBV,3,,,2024-10-08
2024-10-09,The Substance,2024,https://boxd.it/7vDhmB,3,,,2024-10-09
2024-10-12,Rogue,2020,https://boxd.it/7wVq1R,1,,,2024-10-11
2024-10-12,Once Upon a Time... in Hollywood,2019,https://boxd.it/7wV5X1,2,,,2024-10-12
2024-10-12,Lady Bird,2017,https://boxd.it/7wWxXZ,4,Yes,,2024-10-12
2024-10-13,Birdman or (The Unexpected Virtue of Ignorance),2014,https://boxd.it/7xosEJ,2,,,2024-10-12
2024-10-13,Lost in Translation,2003,https://boxd.it/7xsAAj,4,,,2024-10-12
2024-10-13,Challengers,2024,https://boxd.it/7xxgzb,2,,,2024-10-13
2024-10-14,The Secret Life of Walter Mitty,2013,https://boxd.it/7y5QOp,4,,,2024-10-13
2024-10-14,Pretty Woman,1990,https://boxd.it/7yb3ST,4,,,2024-10-14
2024-10-15,Murder Mystery 2,2023,https://boxd.it/7yCO0t,3,,,2024-10-14
2024-10-16,Moonrise Kingdom,2012,https://boxd.it/7z7dnR,4,Yes,,2024-10-15
2024-10-18,Her,2013,https://boxd.it/7A04TJ,3,Yes,,2024-10-17
2024-10-20,Lars and the Real Girl,2007,https://boxd.it/7AVGmH,3,,,2024-10-19
2024-10-21,Notting Hill,1999,https://boxd.it/7BGUlH,4,,,2024-10-20
2024-10-24,Bridget Jones's Diary,2001,https://boxd.it/7D7QY9,2,,,2024-10-23
2024-10-30,The Devil Wears Prada,2006,https://boxd.it/7GjBX7,3,,,2024-10-29
2024-11-01,Barbarian,2022,https://boxd.it/7HiWFF,3,,,2024-10-31
2024-11-02,Jennifer's Body,2009,https://boxd.it/7HRHll,3,,,2024-11-01
2024-11-04,Jurassic Park,1993,https://boxd.it/7IOy8Z,4,,,2024-11-02
2024-11-04,A Man Called Otto,2022,https://boxd.it/7J9tlV,4,,,2024-11-03
2024-11-09,Dead Poets Society,1989,https://boxd.it/7LogGT,5,Yes,,2024-11-09
2024-11-10,3 Days in Malay,2023,https://boxd.it/7LKPaH,1,,,2024-11-09
2024-11-10,Portrait of a Lady on Fire,2019,https://boxd.it/7LPaZT,4,,,2024-11-09
2024-11-11,Whiplash,2014,https://boxd.it/7Mvqyt,4,Yes,,2024-11-10
2024-11-16,The Sound of Music,1965,https://boxd.it/7OR6MH,5,Yes,,2024-11-15
2024-11-24,Good Will Hunting,1997,https://boxd.it/7SY39R,5,,,2024-11-23
2024-11-25,Submarine,2010,https://boxd.it/7TByQl,4,,,2024-11-24
2024-11-30,Phantom Thread,2017,https://boxd.it/7VPKrj,4,,,2024-11-29
2024-11-30,"tick, tick... BOOM!",2021,https://boxd.it/7VTfgR,5,,,2024-11-29
2024-12-02,Zero Dark Thirty,2012,https://boxd.it/7Xfy1f,4,,,2024-12-02
2024-12-09,Anora,2024,https://boxd.it/80Bd5r,3,,,2024-12-08
2024-12-11,Gladiator II,2024,https://boxd.it/81xTCX,3,,,2024-12-11
2024-12-15,The Wonderful Story of Henry Sugar,2023,https://boxd.it/83o9jb,4,,,2024-12-14
2024-12-15,Paddington,2014,https://boxd.it/83r6JV,4,,,2024-12-14
2024-12-20,Holidate,2020,https://boxd.it/86e0MZ,3,,,2024-12-19
2024-12-25,The Christmas Charade,2024,https://boxd.it/89wkm1,,,,2024-12-24
2024-12-25,If I Only Had Christmas,2020,https://boxd.it/89ALNL,,,,2024-12-24
2024-12-26,A Nonsense Christmas with Sabrina Carpenter,2024,https://boxd.it/8ahlr1,,,,2024-12-25
2024-12-26,Love Actually,2003,https://boxd.it/8ahsOL,4,Yes,,2024-12-25
2024-12-26,A Charlie Brown Christmas,1965,https://boxd.it/8ahuI1,5,Yes,,2024-12-25
2024-12-26,Happy Howlidays,2024,https://boxd.it/8aiOEv,,,,2024-12-25
2024-12-26,Jingle Bell Run,2024,https://boxd.it/8avuxZ,,,,2024-12-25
2025-01-01,The Holiday,2006,https://boxd.it/8fQzut,4,,,2024-12-31
2025-01-01,Almost Famous,2000,https://boxd.it/8fVHBd,3,,,2024-12-31
2025-01-01,Mona Lisa Smile,2003,https://boxd.it/8fZbez,3,,,2024-12-31
2025-01-02,Nosferatu,2024,https://boxd.it/8gPtxj,2,,,2025-01-01
2025-01-05,Carry-On,2024,https://boxd.it/8kglZZ,3,,,2025-01-04
2025-01-06,Horizon: An American Saga – Chapter 1,2024,https://boxd.it/8kVHLR,2,,,2025-01-05
2025-01-06,The Peanuts Movie,2015,https://boxd.it/8l5YAV,4,,,2025-01-05
2025-01-09,Grease,1978,https://boxd.it/8nJCbd,5,Yes,,2025-01-07
2025-01-11,Mr. & Mrs. Smith,2005,https://boxd.it/8q88Xz,2,,,2025-01-10
2025-01-11,13 Going on 30,2004,https://boxd.it/8qcVVv,3,,,2025-01-10
2025-01-14,Eternal Sunshine of the Spotless Mind,2004,https://boxd.it/8tf0ul,3,,,2025-01-13
2025-01-17,The Order,2024,https://boxd.it/8voZFZ,3,,,2025-01-16
2025-01-19,Juror #2,2024,https://boxd.it/8wXYgN,2,,,2025-01-18
2025-01-19,My Old Ass,2024,https://boxd.it/8x2lfh,3,,,2025-01-18
2025-01-21,Se7en,1995,https://boxd.it/8yGv9R,2,,,2025-01-20
2025-01-25,The Wild Robot,2024,https://boxd.it/8BrHh1,4,,,2025-01-24
2025-01-30,The Six Triple Eight,2024,https://boxd.it/8FwnHp,3,,,2025-01-29
2025-02-01,Blitz,2024,https://boxd.it/8GPOEf,3,,,2025-01-31
2025-02-02,Conclave,2024,https://boxd.it/8HyPzl,4,,,2025-02-01
2025-02-04,What You Wish For,2023,https://boxd.it/8Jbt4d,3,,,2025-02-03
2025-02-05,Companion,2025,https://boxd.it/8JCYWf,4,,,2025-02-04
2025-02-06,A Beautiful Mind,2001,https://boxd.it/8KnlQr,3,,,2025-02-05
2025-02-08,Little Women,2019,https://boxd.it/8Lx3DD,4,,,2025-02-06
2025-02-09,Sing Sing,2023,https://boxd.it/8MbTNZ,4,,,2025-02-08
2025-02-10,Ambulance,2022,https://boxd.it/8Najbn,3,,,2025-02-09
2025-02-11,50 First Dates,2004,https://boxd.it/8NIpzX,4,,,2025-02-10
2025-02-12,The Fabelmans,2022,https://boxd.it/8OjLUn,2,,,2025-02-11
2025-02-13,She Said,2022,https://boxd.it/8ORivL,2,,,2025-02-12
2025-02-14,La La Land,2016,https://boxd.it/8Pogxr,5,Yes,,2025-02-13
2025-02-15,Dear Evan Hansen,2021,https://boxd.it/8Q3tVD,3,Yes,,2025-02-14
2025-02-16,"Be My Valentine, Charlie Brown",1975,https://boxd.it/8QvmtN,4,,,2025-02-15
2025-02-16,A Charlie Brown Valentine,2002,https://boxd.it/8QwOPf,3,,,2025-02-15
2025-02-16,The Gorge,2025,https://boxd.it/8QDjXB,2,,,2025-02-15
2025-02-17,Groundhog Day,1993,https://boxd.it/8REeVB,4,,,2025-02-16
2025-02-18,Superbad,2007,https://boxd.it/8Sj8KT,5,Yes,,2025-02-17
2025-02-22,13 Hours: The Secret Soldiers of Benghazi,2016,https://boxd.it/8ULxx5,3,Yes,,2025-02-21
2025-03-01,The Outrun,2024,https://boxd.it/8ZcmFn,3,,,2025-03-01
2025-03-01,Saturday Night,2024,https://boxd.it/8Zcnnf,3,,,2025-03-01
2025-03-01,A Real Pain,2024,https://boxd.it/8ZcnTb,4,,,2025-03-01
2025-03-08,The Parent Trap,1998,https://boxd.it/93vcZh,3,,,2025-03-07
2025-03-09,Ferris Bueller's Day Off,1986,https://boxd.it/94tv1F,5,,,2025-03-08
2025-03-10,Swingers,1996,https://boxd.it/95fD49,4,,,2025-03-09
2025-03-13,Nickel Boys,2024,https://boxd.it/96Qcql,4,,,2025-03-12
2025-03-13,Past Lives,2023,https://boxd.it/96Qe8X,4,,,2025-03-12
2025-03-16,One Week,1920,https://boxd.it/98EjJj,5,,,2025-03-15
2025-03-16,The Scarecrow,1920,https://boxd.it/98FHrF,2,,,2025-03-15
2025-03-16,Princess Mononoke,1997,https://boxd.it/98Lo6F,4,,,2025-03-16
2025-03-17,The 40 Year Old Virgin,2005,https://boxd.it/99s8Zb,2,,,2025-03-16
2025-03-17,The Lego Movie,2014,https://boxd.it/99v3c5,4,,,2025-03-16
2025-03-18,September 5,2024,https://boxd.it/9a2ttn,4,,,2025-03-17
2025-03-18,One Day in September,1999,https://boxd.it/9a4KHv,3,,,2025-03-17
2025-03-19,Munich,2005,https://boxd.it/9aC3It,3,,,2025-03-19
2025-03-20,The Big Sick,2017,https://boxd.it/9b5uGx,4,,,2025-03-19
2025-03-21,Sonic the Hedgehog 3,2024,https://boxd.it/9bwxWx,3,,,2025-03-20
2025-03-21,Big Fish,2003,https://boxd.it/9bzEFT,4,,,2025-03-20
2025-03-23,Big,1988,https://boxd.it/9cGluZ,5,,,2025-03-22
2025-03-23,Amadeus,1984,https://boxd.it/9cNpid,4,,,2025-03-22
2025-03-24,The Truman Show,1998,https://boxd.it/9dmkGz,2,,,2025-03-23
2025-03-26,Rush Hour,1998,https://boxd.it/9eBwFd,4,,,2025-03-25
2025-03-27,Rush Hour 2,2001,https://boxd.it/9f3PmF,3,,,2025-03-26
2025-03-28,A Complete Unknown,2024,https://boxd.it/9fyTJF,4,,,2025-03-28
2025-03-29,Black Bag,2025,https://boxd.it/9g1JpN,3,,,2025-03-28
2025-03-29,Sherlock Jr.,1924,https://boxd.it/9g1KDV,4,,,2025-03-28
2025-03-31,The Royal Tenenbaums,2001,https://boxd.it/9hc8LD,2,,,2025-03-30
2025-03-31,The Talented Mr. Ripley,1999,https://boxd.it/9hnUZP,4,,,2025-03-30
2025-04-01,Rush Hour 3,2007,https://boxd.it/9hYYWp,3,,,2025-03-31
2025-04-02,Poison,2023,https://boxd.it/9ir0eF,4,,,2025-04-01
2025-04-02,"The French Dispatch of the Liberty, Kansas Evening Sun",2021,https://boxd.it/9itOfd,3,,,2025-04-01
2025-04-05,Grand Prix,1966,https://boxd.it/9jXt4n,4,,,2025-04-03
2025-04-06,Flow,2024,https://boxd.it/9kyqlp,4,,,2025-04-05
2025-04-07,"Are You There God? It's Me, Margaret.",2023,https://boxd.it/9lonVN,4,,,2025-04-06
2025-04-08,Fire of Love,2022,https://boxd.it/9lV4zT,5,,,2025-04-07
2025-04-09,Paddington 2,2017,https://boxd.it/9mqQ6n,4,,,2025-04-08
2025-04-10,Greedy People,2024,https://boxd.it/9mTQIz,3,,,2025-04-09
2025-04-11,At Eternity's Gate,2018,https://boxd.it/9nnL5d,3,,,2025-04-10
2025-04-12,Speed Racer,2008,https://boxd.it/9nSp6l,4,,,2025-04-11
2025-04-13,Y Tu Mamá También,2001,https://boxd.it/9oyFGt,4,,,2025-04-12
2025-04-14,Mickey 17,2025,https://boxd.it/9paINj,3,,,2025-04-13
2025-04-16,12 Angry Men,1957,https://boxd.it/9qjolL,4,,,2025-04-16
2025-04-18,Ocean's Eleven,2001,https://boxd.it/9rjGfb,5,,,2025-04-17
2025-04-18,"Monsters, Inc.",2001,https://boxd.it/9rmLAJ,5,Yes,,2025-04-17
2025-04-19,Barry Lyndon,1975,https://boxd.it/9rZ4sl,2,,,2025-04-18
2025-04-20,Better Man,2024,https://boxd.it/9sOdRB,3,,,2025-04-20
2025-04-25,Freedom Writers,2007,https://boxd.it/9vQx17,5,,,2025-04-24
2025-04-25,A Bug's Life,1998,https://boxd.it/9vQBV9,4,,,2025-04-24
2025-04-28,Challengers,2024,https://boxd.it/9xCMP7,4,Yes,,2025-04-27
2025-04-28,Clerks,1994,https://boxd.it/9xH3yZ,3,,,2025-04-27
2025-04-28,Clerks II,2006,https://boxd.it/9xL3eN,2,,,2025-04-27
2025-04-28,Boston Strangler,2023,https://boxd.it/9xOoZL,3,,,2025-04-27
2025-04-29,The Double,2013,https://boxd.it/9ymih7,5,,,2025-04-29
2025-04-30,The Lighthouse,2019,https://boxd.it/9yGMC5,2,,,2025-04-29
2025-05-03,Kiki's Delivery Service,1989,https://boxd.it/9Aqt7X,4,,,2025-05-02
2025-05-08,"Crazy, Stupid, Love.",2011,https://boxd.it/9DwHw7,4,,,2025-05-07
2025-05-10,Chime,2024,https://boxd.it/9Euivt,3,,,2025-05-09
2025-05-10,The Girl Next Door,2004,https://boxd.it/9ECHr3,4,,,2025-05-10
2025-05-11,Election,1999,https://boxd.it/9ESg6T,3,,,2025-05-10
2025-05-11,The Descendants,2011,https://boxd.it/9F8U25,3,,,2025-05-10
2025-05-11,Born to Be Blue,2015,https://boxd.it/9FcZpL,3,,,2025-05-10
2025-05-12,The Pelican Brief,1993,https://boxd.it/9FJ0Dj,3,,,2025-05-11
2025-05-12,Slackers,2002,https://boxd.it/9FM4qz,2,,,2025-05-11
2025-05-13,Premium Rush,2012,https://boxd.it/9GobMX,4,,,2025-05-12
2025-05-15,Runaway Bride,1999,https://boxd.it/9HpKWz,3,,,2025-05-14
2025-05-19,Ticket to Paradise,2022,https://boxd.it/9JPOnN,3,,,2025-05-18
2025-05-20,About Time,2013,https://boxd.it/9KrhA1,4,,,2025-05-19
2025-05-23,The Weather Man,2005,https://boxd.it/9M2Yrz,4,,,2025-05-22
2025-05-24,Ace Ventura: Pet Detective,1994,https://boxd.it/9Mvs5J,3,,,2025-05-23
2025-05-25,Nick and Norah's Infinite Playlist,2008,https://boxd.it/9NlZL3,4,,,2025-05-24
2025-05-26,Den of Thieves 2: Pantera,2025,https://boxd.it/9O8gIh,4,,,2025-05-25
2025-05-27,The Accountant,2016,https://boxd.it/9OBVsx,4,,,2025-05-26
2025-05-27,The Accountant²,2025,https://boxd.it/9OHhGV,2,,,2025-05-26
2025-05-27,Scent of a Woman,1992,https://boxd.it/9ORaWn,4,,,2025-05-27
2025-05-28,Adaptation.,2002,https://boxd.it/9PrvzV,3,,,2025-05-28
2025-05-30,Bernie,2011,https://boxd.it/9QB51H,4,,,2025-05-29
2025-05-31,Sweet Home Alabama,2002,https://boxd.it/9R6DIR,2,,,2025-05-30
2025-05-31,Atonement,2007,https://boxd.it/9RaKvj,3,,,2025-05-30
2025-06-01,Elizabethtown,2005,https://boxd.it/9RTALh,3,,,2025-05-31
2025-06-05,Little Manhattan,2005,https://boxd.it/9TXkxf,4,,,2025-06-02
2025-06-05,What If,2013,https://boxd.it/9TXlbf,3,,,2025-06-02
2025-06-05,Inheritance,2024,https://boxd.it/9TXnf9,3,,,2025-06-02
2025-06-05,Easy A,2010,https://boxd.it/9TXoaf,3,,,2025-06-02
2025-06-05,But I'm a Cheerleader,1999,https://boxd.it/9U5GuN,4,,,2025-06-04
2025-06-05,Roman Holiday,1953,https://boxd.it/9U5HxX,3,,,2025-06-04
2025-06-05,The Sisterhood of the Traveling Pants,2005,https://boxd.it/9U5J6p,3,,,2025-06-04
2025-06-08,Meet the Parents,2000,https://boxd.it/9VWra9,3,,,2025-06-07
2025-06-08,Meet the Fockers,2004,https://boxd.it/9W13QP,3,,,2025-06-07
2025-06-08,Little Fockers,2010,https://boxd.it/9W4zzn,2,,,2025-06-07
2025-06-09,Joy,2024,https://boxd.it/9WD0Av,3,,,2025-06-08
2025-06-09,Fried Green Tomatoes,1991,https://boxd.it/9WOBGn,3,,,2025-06-08
2025-06-10,Call Me by Your Name,2017,https://boxd.it/9XvysX,4,,,2025-06-10
2025-06-11,Mission: Impossible – The Final Reckoning,2025,https://boxd.it/9Y1YmF,3,,,2025-06-10
2025-06-13,Mountainhead,2025,https://boxd.it/9ZbeST,2,,,2025-06-13
2025-06-14,A Different Man,2024,https://boxd.it/9ZMQg3,3,,,2025-06-13
2025-06-15,Bottoms,2023,https://boxd.it/a0niVl,3,,,2025-06-14
2025-06-15,The Ballad of Wallis Island,2025,https://boxd.it/a0qVJT,5,,,2025-06-14
2025-06-15,The One and Only Herb McGwyer Plays Wallis Island,2007,https://boxd.it/a0s9ul,4,,,2025-06-14
2025-06-17,"Good Morning, Vietnam",1987,https://boxd.it/a1TeCR,3,,,2025-06-16
2025-06-17,Fire of Love,2022,https://boxd.it/a1Uy1j,5,Yes,,2025-06-16
2025-06-18,The Worst Person in the World,2021,https://boxd.it/a2vq7d,4,,,2025-06-17
2025-06-20,The Swan,2023,https://boxd.it/a3BP1v,4,,,2025-06-19
2025-06-20,The Rat Catcher,2023,https://boxd.it/a3CuEN,3,,,2025-06-19
2025-06-20,The Amateur,2025,https://boxd.it/a3H5S1,3,,,2025-06-19
2025-06-21,Sinners,2025,https://boxd.it/a49OVZ,3,,,2025-06-20
2025-06-22,Warfare,2025,https://boxd.it/a50nft,4,,,2025-06-21
2025-06-22,What Happened Was...,1994,https://boxd.it/a545dR,4,,,2025-06-22
2025-06-23,"tick, tick... BOOM!",2021,https://boxd.it/a5ND2j,5,Yes,,2025-06-22
2025-06-23,Rent,2005,https://boxd.it/a5SGSx,3,,,2025-06-22
2025-06-24,Rent,2019,https://boxd.it/a6vw5j,4,,,2025-06-23
2025-06-25,John Tucker Must Die,2006,https://boxd.it/a75zt1,3,,,2025-06-24
2025-06-25,The Hudsucker Proxy,1994,https://boxd.it/a79wAV,3,,,2025-06-24
2025-06-26,The Master,2012,https://boxd.it/a7LXC1,3,,,2025-06-25
2025-06-28,Something's Gotta Give,2003,https://boxd.it/a8Z95X,3,,,2025-06-27
2025-06-29,The Great Muppet Caper,1981,https://boxd.it/a9vxrR,4,,,2025-06-28
2025-06-30,Jim Henson Idea Man,2024,https://boxd.it/aantD3,4,,,2025-06-29
2025-06-30,The Muppet Movie,1979,https://boxd.it/aarlDx,3,,,2025-06-29
2025-07-01,All the President's Men,1976,https://boxd.it/ab5eHx,4,,,2025-06-30
2025-07-03,High Fidelity,2000,https://boxd.it/acq61T,2,,,2025-07-02
2025-07-04,The Intern,2015,https://boxd.it/ad1eT9,3,,,2025-07-03
2025-07-05,Airplane!,1980,https://boxd.it/adCW3Z,3,,,2025-07-04
2025-07-06,Snatch,2000,https://boxd.it/aeeUPD,2,,,2025-07-05
2025-07-06,Arrival,2016,https://boxd.it/aej4kt,5,Yes,,2025-07-05
2025-07-06,Me and You and Everyone We Know,2005,https://boxd.it/aen5Al,4,,,2025-07-05
2025-07-06,Man on Wire,2008,https://boxd.it/aesz7D,3,,,2025-07-06
2025-07-07,American Pie,1999,https://boxd.it/affzP9,3,,,2025-07-06
2025-07-07,Scott Pilgrim vs. the World,2010,https://boxd.it/afjvgH,5,Yes,,2025-07-07
2025-07-10,Me and Earl and the Dying Girl,2015,https://boxd.it/ahnWql,4,,,2025-07-09
2025-07-11,"O Brother, Where Art Thou?",2000,https://boxd.it/ai3VxJ,3,,,2025-07-10
2025-07-13,Quiz Show,1994,https://boxd.it/ajxLET,3,,,2025-07-12
2025-07-13,Good Boys,2019,https://boxd.it/ajEVGf,4,,,2025-07-12
2025-07-14,The Italian Job,2003,https://boxd.it/ake0TN,3,,,2025-07-13
2025-07-14,The Phoenician Scheme,2025,https://boxd.it/akpTsp,4,,,2025-07-13
2025-07-15,In the Mood for Love,2000,https://boxd.it/al7AdD,4,,,2025-07-14
2025-07-15,In the Mood for Love 2001,2001,https://boxd.it/al7Dj5,3,,,2025-07-14
2025-07-16,The Last Duel,2021,https://boxd.it/alZWnD,3,,,2025-07-15
2025-07-17,Rocketman,2019,https://boxd.it/amdnz3,3,,,2025-07-16
2025-07-19,Mr. Brooks,2007,https://boxd.it/ao2Vjz,3,,,2025-07-18
2025-07-20,Flight Risk,2025,https://boxd.it/aoPI4J,3,,,2025-07-19
2025-07-21,Rushmore,1998,https://boxd.it/apTarB,5,,,2025-07-21
2025-07-25,Superman,2025,https://boxd.it/asSLzd,3,,,2025-07-24
2025-07-27,The Muppets Take Manhattan,1984,https://boxd.it/auqOht,4,,,2025-07-26
2025-07-27,The Favourite,2018,https://boxd.it/auBZaP,3,,,2025-07-26
2025-07-27,Bridge of Spies,2015,https://boxd.it/auKzzd,5,Yes,,2025-07-27
2025-07-28,Into the Inferno,2016,https://boxd.it/avBUIB,4,,,2025-07-27
2025-07-29,One Hour Photo,2002,https://boxd.it/awuAbd,3,,,2025-07-28
2025-07-29,The Kid,1921,https://boxd.it/awyk81,4,,,2025-07-29
2025-07-30,The Jungle Book,2016,https://boxd.it/axjZqp,3,,,2025-07-29
2025-08-02,The Fantastic 4: First Steps,2025,https://boxd.it/aztvtB,3,,,2025-08-01
2025-08-03,Youth in Revolt,2009,https://boxd.it/aAe9Ap,5,,,2025-08-02
2025-08-07,Dark Waters,2019,https://boxd.it/aDATZB,4,,,2025-08-06
2025-08-07,"Good Night, and Good Luck.",2005,https://boxd.it/aDE6mN,3,,,2025-08-07
2025-08-08,Death of a Salesman,1985,https://boxd.it/aEi8rl,1,,,2025-08-07
2025-08-08,Wet Hot American Summer,2001,https://boxd.it/aElUCn,4,,,2025-08-08
2025-08-09,Speed,1994,https://boxd.it/aEWgcN,4,,,2025-08-08
2025-08-09,The Incredibles,2004,https://boxd.it/aF0SDl,5,Yes,,2025-08-08
2025-08-09,Incredibles 2,2018,https://boxd.it/aF6bOd,3,,,2025-08-09
2025-08-10,Only the Brave,2017,https://boxd.it/aFN0lv,3,Yes,,2025-08-09
2025-08-10,Upgrade,2018,https://boxd.it/aFRt63,4,,,2025-08-09
2025-08-10,Minority Report,2002,https://boxd.it/aFXDTB,3,,,2025-08-09
2025-08-11,The Running Man,1987,https://boxd.it/aGxxiB,3,,,2025-08-10
2025-08-11,Kindergarten Cop,1990,https://boxd.it/aGGBz5,5,,,2025-08-10
2025-08-12,Days of Thunder,1990,https://boxd.it/aHAOkT,2,,,2025-08-11
2025-08-13,Point Break,1991,https://boxd.it/aIi1wT,3,,,2025-08-12
2025-08-15,Weapons,2025,https://boxd.it/aJCoy3,4,,,2025-08-14
2025-08-18,27 Dresses,2008,https://boxd.it/aLzGEv,4,Yes,,2025-08-17
2025-08-18,The Ugly Truth,2009,https://boxd.it/aLDXNH,3,,,2025-08-17
2025-08-22,The Fighter,2010,https://boxd.it/aOO1Zp,2,,,2025-08-21
2025-08-22,Leap Year,2010,https://boxd.it/aOR01f,3,,,2025-08-22
2025-08-24,Friendship,2024,https://boxd.it/aQeLmp,3,,,2025-08-23
2025-08-25,The Report,2019,https://boxd.it/aQKtRX,3,,,2025-08-24
2025-08-25,Being John Malkovich,1999,https://boxd.it/aQVA5t,4,,,2025-08-24
2025-08-25,Little Miss Sunshine,2006,https://boxd.it/aR9cKP,5,Yes,,2025-08-25
2025-08-30,Magnolia,1999,https://boxd.it/aUhHTV,3,,,2025-08-29
2025-08-31,The Apprentice,2024,https://boxd.it/aUXTMV,3,,,2025-08-30
2025-08-31,Brothers,2024,https://boxd.it/aV0AhF,1,,,2025-08-30
2025-09-01,Mamma Mia!,2008,https://boxd.it/aVWodn,4,,,2025-09-01
2025-09-01,Mamma Mia! Here We Go Again,2018,https://boxd.it/aVZVVt,2,,,2025-09-01
2025-09-02,Tropic Thunder,2008,https://boxd.it/aWr3Ll,3,,,2025-09-01
2025-09-02,Training Day,2001,https://boxd.it/aWB33j,4,,,2025-09-01
2025-09-02,Frances Ha,2012,https://boxd.it/aWECIx,4,,,2025-09-01
2025-09-07,The Matrix,1999,https://boxd.it/aZNSyj,4,Yes,,2025-09-07
2025-09-08,Decision to Leave,2022,https://boxd.it/b0B15X,4,,,2025-09-08
2025-09-09,On the Count of Three,2021,https://boxd.it/b187MJ,3,,,2025-09-08
2025-09-09,Prisoners,2013,https://boxd.it/b1d0x3,4,,,2025-09-09
2025-09-10,Materialists,2025,https://boxd.it/b1K6OF,3,,,2025-09-09
2025-09-12,Hot Potato: The Story of The Wiggles,2023,https://boxd.it/b2Me99,3,,,2025-09-11
2025-09-14,Pain and Glory,2019,https://boxd.it/b3M0Ml,4,,,2025-09-13
2025-09-14,"sex, lies, and videotape",1989,https://boxd.it/b3Xlzz,4,,,2025-09-13
2025-09-15,Redacted,2007,https://boxd.it/b4vut9,1,,,2025-09-14
2025-09-15,Swiss Army Man,2016,https://boxd.it/b4AyjR,4,,,2025-09-14
2025-09-15,No Hard Feelings,2023,https://boxd.it/b4MiGf,4,,,2025-09-14
2025-09-16,Happyend,2024,https://boxd.it/b5pw3J,5,,,2025-09-15
2025-09-17,Columbus,2017,https://boxd.it/b5X1RV,3,,,2025-09-16
2025-09-19,Deep Cover,2025,https://boxd.it/b6XoDV,4,,,2025-09-19
2025-09-21,Ballerina,2025,https://boxd.it/b7Hs2V,,,,2025-09-20
2025-09-21,Capote,2005,https://boxd.it/b7Oxr1,4,,,2025-09-20
2025-09-23,Theater Camp,2023,https://boxd.it/b9vwx3,3,,,2025-09-22
2025-09-23,Prisoner of War,2025,https://boxd.it/b9zQah,2,,,2025-09-22
2025-09-24,The Life of Chuck,2024,https://boxd.it/ba7YEn,3,,,2025-09-23
2025-09-25,Mission: Impossible II,2000,https://boxd.it/baEMRP,3,,,2025-09-25
2025-09-26,Jiro Dreams of Sushi,2011,https://boxd.it/bb5MZN,3,,,2025-09-25
2025-09-26,Inside Man,2006,https://boxd.it/bbavdn,5,Yes,,2025-09-26
2025-10-02,I'm Still Here,2024,https://boxd.it/beGQHf,5,,,2025-10-01
2025-10-02,The Birdcage,1996,https://boxd.it/beP7n3,4,,,2025-10-01
2025-10-06,Swallow,2019,https://boxd.it/bhnEOd,3,,,2025-10-05
2025-10-06,Detachment,2011,https://boxd.it/bhrzFj,4,,,2025-10-05
2025-10-06,The Thin Red Line,1998,https://boxd.it/bhuo0b,1,,,2025-10-05
2025-10-06,Soulmate,2023,https://boxd.it/bhzTj9,5,,,2025-10-05
2025-10-07,The Thursday Murder Club,2025,https://boxd.it/bieofn,4,,,2025-10-07
2025-10-08,KPop Demon Hunters,2025,https://boxd.it/biKaZv,3,,,2025-10-07
2025-10-08,Music and Lyrics,2007,https://boxd.it/biNSQX,3,,,2025-10-08
2025-10-09,Dan in Real Life,2007,https://boxd.it/bjlZdV,5,,,2025-10-09
2025-10-10,The Good Shepherd,2006,https://boxd.it/bjRUiv,4,,,2025-10-09
2025-10-12,The Greatest Showman,2017,https://boxd.it/bleW4Z,3,Yes,,2025-10-12
2025-10-12,Crazy Rich Asians,2018,https://boxd.it/blipI1,,Yes,,2025-10-12
2025-10-13,There's Something About Mary,1998,https://boxd.it/blEfvZ,3,,,2025-10-12
2025-10-13,Norbit,2007,https://boxd.it/blW0pD,4,,,2025-10-12
2025-10-17,Swing Girls,2004,https://boxd.it/bosEul,5,,,2025-10-17
2025-10-18,Sing Street,2016,https://boxd.it/bp3Pb9,5,Yes,,2025-10-17
2025-10-19,Nobody Knows,2004,https://boxd.it/bpM1nz,4,,,2025-10-18
2025-10-20,Ex Machina,2015,https://boxd.it/bqFObd,3,,,2025-10-19
2025-10-21,In the Name of the Father,1993,https://boxd.it/br08Ef,4,,,2025-10-20
2025-10-21,The Post,2017,https://boxd.it/br4hI9,4,Yes,,2025-10-20
2025-10-21,Trap,2024,https://boxd.it/brged7,4,,,2025-10-20
2025-10-22,The Bourne Identity,2002,https://boxd.it/brSpbx,5,,,2025-10-21
2025-10-28,All We Imagine as Light,2024,https://boxd.it/bw8GEf,3,,,2025-10-27
2025-10-28,The Loneliest Whale: The Search for 52,2021,https://boxd.it/bw8ImR,3,,,2025-10-27
2025-10-28,Ford v Holden,2023,https://boxd.it/bw8K4P,3,,,2025-10-27
2025-10-30,The Bourne Supremacy,2004,https://boxd.it/bxvggh,3,,,2025-10-30
2025-10-31,The Da Vinci Code,2006,https://boxd.it/by5Y3j,3,,,2025-10-30
2025-10-31,Angels & Demons,2009,https://boxd.it/bya3c9,3,,,2025-10-31
2025-11-02,The Bourne Ultimatum,2007,https://boxd.it/bzADVP,4,,,2025-11-01
2025-11-02,A House of Dynamite,2025,https://boxd.it/bzF2yf,4,,,2025-11-02
2025-11-02,Highest 2 Lowest,2025,https://boxd.it/bzIQbh,2,,,2025-11-02
2025-11-02,A Few Good Men,1992,https://boxd.it/bzLHWp,5,Yes,,2025-11-02
2025-11-03,The Day After Tomorrow,2004,https://boxd.it/bAirfv,3,Yes,,2025-11-02
2025-11-03,Bring It On,2000,https://boxd.it/bAnOzD,3,,,2025-11-02
2025-11-03,"It's the Great Pumpkin, Charlie Brown",1966,https://boxd.it/bAoZoN,3,,,2025-11-02
2025-11-03,Safety Last!,1923,https://boxd.it/bAshCz,3,,,2025-11-02
2025-11-03,About a Boy,2002,https://boxd.it/bAwzjD,3,,,2025-11-02
2025-11-03,Waitress: The Musical,2023,https://boxd.it/bAAWfH,4,,,2025-11-02
2025-11-04,The Last Samurai,2003,https://boxd.it/bBfAyf,4,,,2025-11-04
2025-11-05,Silver Linings Playbook,2012,https://boxd.it/bBNXh5,2,,,2025-11-05
2025-11-06,Dick,1999,https://boxd.it/bCmGdP,3,,,2025-11-05
2025-11-07,Hoodwinked!,2005,https://boxd.it/bCR3IL,3,,,2025-11-06
2025-11-07,Notting Hill,1999,https://boxd.it/bCTZcd,4,Yes,,2025-11-07
2025-11-09,Tinker Tailor Soldier Spy,2011,https://boxd.it/bEohKr,4,Yes,,2025-11-09
2025-11-10,Deep Impact,1998,https://boxd.it/bF4fKt,2,,,2025-11-09
2025-11-10,Code 3,2025,https://boxd.it/bFhcid,3,,,2025-11-09
2025-11-11,Frost/Nixon,2008,https://boxd.it/bFZ1Dd,4,,,2025-11-11
2025-11-11,The Woman in Cabin 10,2025,https://boxd.it/bG1qVv,2,,,2025-11-11
2025-11-12,The Outfit,2022,https://boxd.it/bGEQft,3,,,2025-11-12
2025-11-12,Waitress,2007,https://boxd.it/bGHntn,3,,,2025-11-12
2025-11-14,Jack Reacher,2012,https://boxd.it/bHvTWB,5,,,2025-11-13
2025-11-16,Snack Shack,2024,https://boxd.it/bIZzLd,4,,,2025-11-15
2025-11-16,Not Okay,2022,https://boxd.it/bJ634P,2,,,2025-11-15
2025-11-16,Austin Powers: International Man of Mystery,1997,https://boxd.it/bJlhfH,4,,,2025-11-15
2025-11-16,Now You See Me,2013,https://boxd.it/bJp9ct,3,Yes,,2025-11-15
2025-11-16,Game Night,2018,https://boxd.it/bJrHA9,5,Yes,,2025-11-16
2025-11-16,Steve,2025,https://boxd.it/bJtM3j,3,,,2025-11-16
2025-11-17,The Long Walk,2025,https://boxd.it/bKdCuB,3,,,2025-11-16
2025-11-17,Psycho,1960,https://boxd.it/bKgDqV,3,,,2025-11-16
2025-11-18,Hitchcock,2012,https://boxd.it/bKOiuP,2,,,2025-11-17
2025-11-18,Here,2024,https://boxd.it/bKOKf9,1,,,2025-11-17
2025-11-18,Austin Powers: The Spy Who Shagged Me,1999,https://boxd.it/bKTDmH,3,,,2025-11-17
2025-11-19,Roofman,2025,https://boxd.it/bLsXrR,3,,,2025-11-18
2025-11-19,Sex Appeal,2022,https://boxd.it/bLxrBl,1,,,2025-11-19
2025-11-20,Neighborhood Watch,2025,https://boxd.it/bLySnx,4,,,2025-11-19
2025-11-20,Fresh,2022,https://boxd.it/bLAYkt,3,,,2025-11-19
2025-11-20,Licorice Pizza,2021,https://boxd.it/bLX21p,4,,,2025-11-19
2025-11-21,Flight,2012,https://boxd.it/bMDCkr,3,,,2025-11-20
2025-11-21,Johnny English,2003,https://boxd.it/bMGzHt,2,,,2025-11-20
2025-11-21,Shiva Baby,2020,https://boxd.it/bMIGaP,2,,,2025-11-20
2025-11-22,Plus One,2019,https://boxd.it/bNod43,4,,,2025-11-21
2025-11-22,Anyone But You,2023,https://boxd.it/bNrjl1,2,,,2025-11-22
2025-11-23,Tron,1982,https://boxd.it/bNXz5H,3,,,2025-11-22
2025-11-23,Pretty in Pink,1986,https://boxd.it/bO4KYR,1,,,2025-11-22
2025-11-23,The Baltimorons,2025,https://boxd.it/bO962X,4,,,2025-11-22
2025-11-23,"Oh, Hi!",2025,https://boxd.it/bOdzQ1,3,,,2025-11-22
2025-11-24,Get Away,2024,https://boxd.it/bOFFdP,2,,,2025-11-23
2025-11-24,Meet Joe Black,1998,https://boxd.it/bOTPFn,4,,,2025-11-23
2025-11-24,Fitzcarraldo,1982,https://boxd.it/bP2Ry7,4,,,2025-11-23
2025-11-24,Burden of Dreams,1982,https://boxd.it/bP6Gfh,5,,,2025-11-23
2025-11-25,Paddleton,2019,https://boxd.it/bPKgLL,4,,,2025-11-24
2025-11-25,Triangle of Sadness,2022,https://boxd.it/bPOH7L,3,,,2025-11-24
2025-11-26,Lessons of Darkness,1992,https://boxd.it/bQjuXr,2,,,2025-11-25
2025-11-26,Petite Maman,2021,https://boxd.it/bQmBS5,4,,,2025-11-25
2025-11-26,Can't Hardly Wait,1998,https://boxd.it/bQpXNn,3,,,2025-11-25
2025-11-28,Relay,2024,https://boxd.it/bRmdp3,4,,,2025-11-27
2025-11-28,A Charlie Brown Thanksgiving,1973,https://boxd.it/bRrxDJ,2,,,2025-11-27
2025-11-28,"Planes, Trains and Automobiles",1987,https://boxd.it/bRuFej,3,,,2025-11-27
2025-11-28,The Pink Panther,2006,https://boxd.it/bRyqKd,4,,,2025-11-27
2025-11-29,One Flew Over the Cuckoo's Nest,1975,https://boxd.it/bS776N,3,,,2025-11-28
2025-11-30,Cheaper by the Dozen,2003,https://boxd.it/bSPPpd,5,,,2025-11-29
2025-11-30,Man on a Ledge,2012,https://boxd.it/bSUjCp,3,,,2025-11-29
2025-11-30,Bergman Island,2021,https://boxd.it/bSZoNn,3,,,2025-11-29
2025-12-01,Beyond the Infinite Two Minutes,2020,https://boxd.it/bTJvGZ,5,,,2025-11-30
2025-12-04,Shrek,2001,https://boxd.it/bVAa4l,4,Yes,,2025-12-03
2025-12-04,Spy,2015,https://boxd.it/bVDoGp,3,,,2025-12-03
2025-12-06,TRON: Legacy,2010,https://boxd.it/bWStRB,2,,,2025-12-05
2025-12-06,Death Becomes Her,1992,https://boxd.it/bWV4GJ,3,,,2025-12-06
2025-12-06,Better Off Dead...,1985,https://boxd.it/bWWY3F,4,,,2025-12-06
2025-12-07,Girl with a Pearl Earring,2003,https://boxd.it/bXERPb,4,,,2025-12-06
2025-12-07,Ricky Gervais Live: Animals,2003,https://boxd.it/bXGHA5,3,,,2025-12-07
2025-12-07,Harvie Krumpet,2003,https://boxd.it/bXHqp7,3,,,2025-12-07
2025-12-07,Anger Management,2003,https://boxd.it/bXJJ5z,4,,,2025-12-07
2025-12-08,The Recruit,2003,https://boxd.it/bXMs0j,4,,,2025-12-07
2025-12-08,The Shape of Things,2003,https://boxd.it/bYiWgv,3,,,2025-12-07
2025-12-08,Phone Booth,2002,https://boxd.it/bYv8Jj,3,,,2025-12-07
2025-12-08,Hotel Rwanda,2004,https://boxd.it/bYyeVr,5,,,2025-12-07
2025-12-12,Ocean's Twelve,2004,https://boxd.it/c1ajBv,4,,,2025-12-12
2025-12-14,The Manchurian Candidate,2004,https://boxd.it/c2iSJf,3,,,2025-12-13
2025-12-14,Wake Up Dead Man,2025,https://boxd.it/c2wJNZ,4,,,2025-12-13
2025-12-14,Hank Green: Pissing Out Cancer,2024,https://boxd.it/c2DxGB,3,,,2025-12-13
2025-12-14,I ♥ Huckabees,2004,https://boxd.it/c2KceP,3,,,2025-12-14
2025-12-15,Shark Tale,2004,https://boxd.it/c2NjYL,3,Yes,,2025-12-14
2025-12-15,Jingle Bell Run,2024,https://boxd.it/c3h6FL,4,Yes,,2025-12-14
2025-12-15,A Suite Holiday Romance,2025,https://boxd.it/c3nIFr,2,,,2025-12-14
2025-12-15,Oy to the World,2025,https://boxd.it/c3tpqT,3,,,2025-12-14
2025-12-15,Christmas Above the Clouds,2025,https://boxd.it/c3yZkd,2,,,2025-12-14
2025-12-16,Everything Christmas,2023,https://boxd.it/c4uXjX,2,,,2025-12-16
2025-12-16,Hanukkah on Rye,2022,https://boxd.it/c4xBHp,4,,,2025-12-16
2025-12-17,This Place Rules,2022,https://boxd.it/c5eFzZ,4,,,2025-12-16
2025-12-18,Garden State,2004,https://boxd.it/c5Cstx,4,,,2025-12-17
2025-12-18,Dune,2021,https://boxd.it/c6hr49,4,Yes,,2025-12-17
2025-12-19,Dune: Part Two,2024,https://boxd.it/c6yFcv,5,Yes,,2025-12-18
2025-12-20,Avatar: Fire and Ash,2025,https://boxd.it/c7JTp5,4,,,2025-12-19
2025-12-20,Tom Clancy's Without Remorse,2021,https://boxd.it/c80DSz,3,,,2025-12-19
2025-12-21,Twinless,2025,https://boxd.it/c93xmn,4,,,2025-12-20
2025-12-21,Can't Buy Me Love,1987,https://boxd.it/c9eL6l,4,,,2025-12-21
2025-12-22,Iron Man 2,2010,https://boxd.it/c9LJDD,2,,,2025-12-21
2025-12-22,The Assassination of Jesse James by the Coward Robert Ford,2007,https://boxd.it/c9LS9d,1,,,2025-12-21
2025-12-22,The Wedding Singer,1998,https://boxd.it/c9T7aJ,3,,,2025-12-21
2025-12-22,Made of Honor,2008,https://boxd.it/ca2SJp,2,,,2025-12-21
2025-12-22,Iron Man 3,2013,https://boxd.it/cacIvn,3,,,2025-12-21
2025-12-22,The Princess Bride,1987,https://boxd.it/caitH1,3,,,2025-12-21
2025-12-23,TRON: Ares,2025,https://boxd.it/cbtvT5,2,,,2025-12-22
2025-12-24,Heathers,1989,https://boxd.it/ccDBIB,2,,,2025-12-23
2025-12-25,Heathers: The Musical,2022,https://boxd.it/cd8cxb,4,,,2025-12-24
2025-12-25,The Boat That Rocked,2009,https://boxd.it/cdid11,3,,,2025-12-24
2025-12-25,A Charlie Brown Christmas,1965,https://boxd.it/cdk8s1,5,Yes,,2025-12-24
2025-12-25,"It's Christmastime Again, Charlie Brown",1992,https://boxd.it/cdmeRF,3,,,2025-12-24
2025-12-25,The Muppet Christmas Carol,1992,https://boxd.it/cdvJsJ,3,,,2025-12-24
2025-12-25,Jingle All the Way,1996,https://boxd.it/cdFl81,4,,,2025-12-24
2025-12-25,The Family Stone,2005,https://boxd.it/cdJLub,3,,,2025-12-24
2025-12-25,Meet Me in St. Louis,1944,https://boxd.it/cdNqUl,4,,,2025-12-25
2025-12-26,Elf,2003,https://boxd.it/ce8ZGl,3,,,2025-12-25
2025-12-26,Haul Out the Holly,2022,https://boxd.it/celkvR,,,,2025-12-25
2025-12-26,Love Actually,2003,https://boxd.it/ceCFT5,5,Yes,,2025-12-25
2025-12-26,Christmas with the Kranks,2004,https://boxd.it/ceMkcf,1,,,2025-12-25
2025-12-30,The Housemaid,2025,https://boxd.it/cjBCM9,3,,,2025-12-29
2026-01-01,"Happy New Year, Charlie Brown",1986,https://boxd.it/clZztJ,4,,,2025-12-31
2026-01-01,Last Holiday,2006,https://boxd.it/cm3eSh,4,,,2025-12-31
2026-01-01,Snoopy Presents: For Auld Lang Syne,2021,https://boxd.it/cm5OK3,1,,,2026-01-01
2026-01-01,The Apartment,1960,https://boxd.it/cmatt1,4,,,2026-01-01
