Date,Name,Year,Letterboxd URI
2024-07-06,American Sniper,2014,https://boxd.it/5LDy
2024-07-06,School of Rock,2003,https://boxd.it/28xK
2024-07-06,Zootopia,2016,https://boxd.it/84xS
2024-07-06,10 Things I Hate About You,1999,https://boxd.it/23AO
2024-07-06,You've Got Mail,1998,https://boxd.it/1Yye
2024-07-06,Turtles All the Way Down,2024,https://boxd.it/l5xK
2024-07-06,The Perks of Being a Wallflower,2012,https://boxd.it/2ZA8
2024-07-06,NYAD,2023,https://boxd.it/xOSM
2024-07-06,Spider-Man: Into the Spider-Verse,2018,https://boxd.it/azpY
2024-07-06,Inside Out,2015,https://boxd.it/4KHC
2024-07-06,Mad Max: Fury Road,2015,https://boxd.it/2DjO
2024-07-06,Dune,2021,https://boxd.it/fA7G
2024-07-06,Dune: Part Two,2024,https://boxd.it/pUfA
2024-07-06,(500) Days of Summer,2009,https://boxd.it/1EmM
2024-07-06,Napoleon Dynamite,2004,https://boxd.it/20wu
2024-07-08,The Sound of Music,1965,https://boxd.it/1MLK
2024-07-08,Soul,2020,https://boxd.it/ioLA
2024-07-09,Wonka,2023,https://boxd.it/tCQm
2024-07-10,Bob Marley: One Love,2024,https://boxd.it/uckw
2024-07-10,Top Gun: Maverick,2022,https://boxd.it/cjr4
2024-07-10,There Will Be Blood,2007,https://boxd.it/20Z2
2024-07-10,When Harry Met Sally...,1989,https://boxd.it/29W2
2024-07-10,Yesterday,2019,https://boxd.it/iF7M
2024-07-10,The Courier,2020,https://boxd.it/iX7A
2024-07-16,The Breakfast Club,1985,https://boxd.it/27q4
2024-07-16,Pride & Prejudice,2005,https://boxd.it/24u8
2024-07-18,Gladiator,2000,https://boxd.it/2b9m
2024-07-25,Gosford Park,2001,https://boxd.it/239e
2024-07-25,North by Northwest,1959,https://boxd.it/2aRM
2024-07-25,One Life,2023,https://boxd.it/sAhC
2024-07-25,Hard Miles,2023,https://boxd.it/CajW
2024-07-25,Coraline,2009,https://boxd.it/1NhQ
2024-07-27,Ronin,1998,https://boxd.it/20wa
2024-07-29,Avatar: The Way of Water,2022,https://boxd.it/2E2E
2024-07-29,The French Connection,1971,https://boxd.it/296g
2024-07-29,Sleepless in Seattle,1993,https://boxd.it/29re
2024-07-30,Howl's Moving Castle,2004,https://boxd.it/23De
2024-07-31,9/11: Inside the President's War Room,2021,https://boxd.it/w2Eg
2024-08-01,Spirited Away: Live on Stage,2022,https://boxd.it/BQhm
2024-08-01,Deadpool & Wolverine,2024,https://boxd.it/jq8s
2024-08-04,Knocked Up,2007,https://boxd.it/23yS
2024-08-04,This Is 40,2012,https://boxd.it/39WI
2024-08-05,Sideways,2004,https://boxd.it/1Y5c
2024-08-05,Everything Everywhere All at Once,2022,https://boxd.it/jUk4
2024-08-05,A Few Good Men,1992,https://boxd.it/29nw
2024-08-05,Joy Ride,2023,https://boxd.it/wEeK
2024-08-05,Léon: The Professional,1994,https://boxd.it/2b8S
2024-08-08,Booksmart,2019,https://boxd.it/igNS
2024-08-08,Goldfinger,1964,https://boxd.it/29SY
2024-08-13,Napoleon,2023,https://boxd.it/shJM
2024-08-13,The Prestige,2006,https://boxd.it/293w
2024-08-13,Nightmare Alley,2021,https://boxd.it/m0HC
2024-08-13,Death on the Nile,2022,https://boxd.it/ifpg
2024-08-13,The Grand Budapest Hotel,2014,https://boxd.it/3ZqO
2024-08-19,Pirates of the Caribbean: The Curse of the Black Pearl,2003,https://boxd.it/70G
2024-08-19,Pirates of the Caribbean: Dead Man's Chest,2006,https://boxd.it/2bfk
2024-08-20,How to Lose a Guy in 10 Days,2003,https://boxd.it/1XwG
2024-08-20,Five Feet Apart,2019,https://boxd.it/jaAK
2024-08-21,Erin Brockovich,2000,https://boxd.it/2al2
2024-08-25,The Guernsey Literary & Potato Peel Pie Society,2018,https://boxd.it/g68w
2024-08-26,Hit Man,2023,https://boxd.it/ANB2
2024-08-26,The Instigators,2024,https://boxd.it/E4jA
2024-09-02,Twisters,2024,https://boxd.it/qV7a
2024-09-02,Scoop,2024,https://boxd.it/EZu6
2024-09-02,Boiling Point,2021,https://boxd.it/uo2u
2024-09-08,Serena,2014,https://boxd.it/56Lw
2024-09-09,Watchmen,2009,https://boxd.it/1QE4
2024-09-09,Four Weddings and a Funeral,1994,https://boxd.it/29KA
2024-09-21,Furiosa: A Mad Max Saga,2024,https://boxd.it/tABk
2024-09-23,Ponyo,2008,https://boxd.it/1S0A
2024-09-24,Hayao Miyazaki and the Heron,2024,https://boxd.it/Njam
2024-09-28,Wolfs,2024,https://boxd.it/x6zG
2024-09-29,Perfect Days,2023,https://boxd.it/ATh8
2024-10-06,It's What's Inside,2024,https://boxd.it/DOV4
2024-10-08,Rebel Ridge,2024,https://boxd.it/nZum
2024-10-09,The Terminal,2004,https://boxd.it/2a2O
2024-10-09,The Substance,2024,https://boxd.it/zanS
2024-10-12,Ma Rainey's Black Bottom,2020,https://boxd.it/mLcm
2024-10-12,Joker,2019,https://boxd.it/h4cS
2024-10-12,Parasite,2019,https://boxd.it/hTha
2024-10-12,Once Upon a Time... in Hollywood,2019,https://boxd.it/gH0O
2024-10-12,Avengers: Endgame,2019,https://boxd.it/9vE4
2024-10-12,Vice,2018,https://boxd.it/fcFY
2024-10-12,Roma,2018,https://boxd.it/f69M
2024-10-12,Avengers: Infinity War,2018,https://boxd.it/9vEe
2024-10-12,Black Panther,2018,https://boxd.it/8MHs
2024-10-12,Sorry to Bother You,2018,https://boxd.it/f21E
2024-10-12,The Revenant,2015,https://boxd.it/8H5e
2024-10-12,Spotlight,2015,https://boxd.it/a84k
2024-10-12,Star Wars: The Force Awakens,2015,https://boxd.it/4vru
2024-10-12,The Big Short,2015,https://boxd.it/ajZw
2024-10-12,Citizenfour,2014,https://boxd.it/9eSe
2024-10-12,The Theory of Everything,2014,https://boxd.it/7YtA
2024-10-12,Guardians of the Galaxy,2014,https://boxd.it/3VH2
2024-10-12,Gravity,2013,https://boxd.it/GZY
2024-10-12,Skyfall,2012,https://boxd.it/17Fc
2024-10-12,Argo,2012,https://boxd.it/2czU
2024-10-12,The King's Speech,2010,https://boxd.it/dX0
2024-10-12,Black Swan,2010,https://boxd.it/Sw0
2024-10-12,Inception,2010,https://boxd.it/1skk
2024-10-12,Avatar,2009,https://boxd.it/1Efm
2024-10-12,District 9,2009,https://boxd.it/1Iik
2024-10-12,The Hangover,2009,https://boxd.it/1GjK
2024-10-12,Inglourious Basterds,2009,https://boxd.it/1JzG
2024-10-12,The Hurt Locker,2008,https://boxd.it/1Soi
2024-10-12,The Dark Knight,2008,https://boxd.it/2b0k
2024-10-12,WALL·E,2008,https://boxd.it/1VEo
2024-10-12,Slumdog Millionaire,2008,https://boxd.it/1S3E
2024-10-12,The Departed,2006,https://boxd.it/28MA
2024-10-12,Little Miss Sunshine,2006,https://boxd.it/29EW
2024-10-12,Clueless,1995,https://boxd.it/1Ygk
2024-10-12,Jurassic Park,1993,https://boxd.it/2aA2
2024-10-12,The Silence of the Lambs,1991,https://boxd.it/2aHW
2024-10-12,Big,1988,https://boxd.it/271S
2024-10-12,Full Metal Jacket,1987,https://boxd.it/2a1Q
2024-10-12,The Shining,1980,https://boxd.it/29Nu
2024-10-12,Life of Brian,1979,https://boxd.it/2a4q
2024-10-12,Rogue,2020,https://boxd.it/qUbq
2024-10-12,A Trip to the Moon,1902,https://boxd.it/29EC
2024-10-12,Metropolis,1927,https://boxd.it/71a
2024-10-12,Green Book,2018,https://boxd.it/hErk
2024-10-12,Mulan,1998,https://boxd.it/1VFw
2024-10-12,Tarzan,1999,https://boxd.it/18YO
2024-10-12,Her,2013,https://boxd.it/4O24
2024-10-12,Knives Out,2019,https://boxd.it/jWEA
2024-10-12,Interstellar,2014,https://boxd.it/4VZ8
2024-10-12,Good Will Hunting,1997,https://boxd.it/2ahY
2024-10-12,Children of Men,2006,https://boxd.it/1Y2i
2024-10-12,2001: A Space Odyssey,1968,https://boxd.it/2bf0
2024-10-12,Dead Poets Society,1989,https://boxd.it/2aSg
2024-10-12,Heat,1995,https://boxd.it/2bg8
2024-10-12,Fantastic Mr. Fox,2009,https://boxd.it/1WyQ
2024-10-12,The Holdovers,2023,https://boxd.it/vHza
2024-10-12,Ratatouille,2007,https://boxd.it/27ww
2024-10-12,Oppenheimer,2023,https://boxd.it/wUow
2024-10-12,Puss in Boots: The Last Wish,2022,https://boxd.it/aaie
2024-10-12,Anatomy of a Fall,2023,https://boxd.it/yuDE
2024-10-12,Monty Python and the Holy Grail,1975,https://boxd.it/29GI
2024-10-12,Forrest Gump,1994,https://boxd.it/728
2024-10-12,Shutter Island,2010,https://boxd.it/1U82
2024-10-12,Coco,2017,https://boxd.it/bYJQ
2024-10-12,In Bruges,2008,https://boxd.it/20n8
2024-10-12,1917,2019,https://boxd.it/jj4y
2024-10-12,Up,2009,https://boxd.it/1OEc
2024-10-12,Requiem for a Dream,2000,https://boxd.it/29VI
2024-10-12,Blade Runner,1982,https://boxd.it/2bcA
2024-10-12,Hot Fuzz,2007,https://boxd.it/2416
2024-10-12,The Incredibles,2004,https://boxd.it/1XLm
2024-10-12,Nightcrawler,2014,https://boxd.it/780m
2024-10-12,"Three Billboards Outside Ebbing, Missouri",2017,https://boxd.it/ceBS
2024-10-12,Catch Me If You Can,2002,https://boxd.it/29VS
2024-10-12,Finding Nemo,2003,https://boxd.it/72i
2024-10-12,Moonrise Kingdom,2012,https://boxd.it/2Wng
2024-10-12,Lilo & Stitch,2002,https://boxd.it/1TAY
2024-10-12,The Wolf of Wall Street,2013,https://boxd.it/3C1m
2024-10-12,Planet of the Apes,1968,https://boxd.it/29p8
2024-10-12,Sicario,2015,https://boxd.it/8i7u
2024-10-12,Uncut Gems,2019,https://boxd.it/gXGc
2024-10-12,Captain Fantastic,2016,https://boxd.it/b2K2
2024-10-12,Hacksaw Ridge,2016,https://boxd.it/azew
2024-10-12,The Pursuit of Happyness,2006,https://boxd.it/28PE
2024-10-12,Spider-Man 2,2004,https://boxd.it/2a88
2024-10-12,Aladdin,1992,https://boxd.it/29yE
2024-10-12,Beauty and the Beast,1991,https://boxd.it/1XhG
2024-10-12,Superbad,2007,https://boxd.it/20hO
2024-10-12,The SpongeBob SquarePants Movie,2004,https://boxd.it/1SYq
2024-10-12,Scott Pilgrim vs. the World,2010,https://boxd.it/1Aq6
2024-10-12,The Talented Mr. Ripley,1999,https://boxd.it/2924
2024-10-12,Barbie,2023,https://boxd.it/bCLK
2024-10-12,Willy Wonka & the Chocolate Factory,1971,https://boxd.it/2aLu
2024-10-12,The Imitation Game,2014,https://boxd.it/6aig
2024-10-12,Home Alone,1990,https://boxd.it/29Fg
2024-10-12,Juno,2007,https://boxd.it/210a
2024-10-12,Baby Driver,2017,https://boxd.it/bhF2
2024-10-12,Pitch Perfect,2012,https://boxd.it/3OsE
2024-10-12,Love Actually,2003,https://boxd.it/2aeU
2024-10-12,Idiocracy,2006,https://boxd.it/20RW
2024-10-12,"I, Tonya",2017,https://boxd.it/dzR0
2024-10-12,Last Night in Soho,2021,https://boxd.it/lbJC
2024-10-12,Beauty and the Beast,2017,https://boxd.it/ar0c
2024-10-12,La La Land,2016,https://boxd.it/a5fa
2024-10-12,Whiplash,2014,https://boxd.it/7bQA
2024-10-12,Lady Bird,2017,https://boxd.it/dGNE
2024-10-12,Spirited Away,2001,https://boxd.it/2b4m
2024-10-12,The Lord of the Rings: The Return of the King,2003,https://boxd.it/2b5u
2024-10-12,The Lord of the Rings: The Fellowship of the Ring,2001,https://boxd.it/2b5O
2024-10-12,The Shawshank Redemption,1994,https://boxd.it/2aHi
2024-10-12,Shrek 2,2004,https://boxd.it/29z8
2024-10-12,Cars,2006,https://boxd.it/29ho
2024-10-12,The Lion King,1994,https://boxd.it/201Q
2024-10-12,Jennifer's Body,2009,https://boxd.it/1Efw
2024-10-12,It,2017,https://boxd.it/bC8e
2024-10-12,The Shape of Water,2017,https://boxd.it/dZ5m
2024-10-12,The Super Mario Bros. Movie,2023,https://boxd.it/i8C8
2024-10-12,The Menu,2022,https://boxd.it/lScm
2024-10-12,Glass Onion,2022,https://boxd.it/oCkK
2024-10-12,Elvis,2022,https://boxd.it/mK4w
2024-10-12,Doctor Strange in the Multiverse of Madness,2022,https://boxd.it/gaTc
2024-10-12,Turning Red,2022,https://boxd.it/ipkq
2024-10-12,Bullet Train,2022,https://boxd.it/qW26
2024-10-12,The Batman,2022,https://boxd.it/eDGs
2024-10-12,Encanto,2021,https://boxd.it/kPRu
2024-10-12,Shang-Chi and the Legend of the Ten Rings,2021,https://boxd.it/kLDI
2024-10-12,Free Guy,2021,https://boxd.it/k8dm
2024-10-12,Black Widow,2021,https://boxd.it/hWV8
2024-10-12,The Queen's Gambit,2020,https://boxd.it/s1Ym
2024-10-12,Star Wars: The Rise of Skywalker,2019,https://boxd.it/5xlK
2024-10-12,Captain Marvel,2019,https://boxd.it/9vSA
2024-10-12,Aquaman,2018,https://boxd.it/9ru0
2024-10-12,Bohemian Rhapsody,2018,https://boxd.it/f1TK
2024-10-12,Ant-Man and the Wasp,2018,https://boxd.it/cqUW
2024-10-12,Deadpool 2,2018,https://boxd.it/dlLM
2024-10-12,Ready Player One,2018,https://boxd.it/aZes
2024-10-12,A Quiet Place,2018,https://boxd.it/fVJQ
2024-10-12,Isle of Dogs,2018,https://boxd.it/dZrW
2024-10-12,Annihilation,2018,https://boxd.it/9yzm
2024-10-12,Star Wars: The Last Jedi,2017,https://boxd.it/5xme
2024-10-12,Jumanji: Welcome to the Jungle,2017,https://boxd.it/bUeE
2024-10-12,Blade Runner 2049,2017,https://boxd.it/b8wK
2024-10-12,Thor: Ragnarok,2017,https://boxd.it/8MHi
2024-10-12,Spider-Man: Homecoming,2017,https://boxd.it/aboM
2024-10-12,Wonder Woman,2017,https://boxd.it/9roG
2024-10-12,Deadpool,2016,https://boxd.it/9fOC
2024-10-12,The Martian,2015,https://boxd.it/8SeG
2024-10-12,Room,2015,https://boxd.it/7T0y
2024-10-12,Ant-Man,2015,https://boxd.it/3vmW
2024-10-12,Jurassic World,2015,https://boxd.it/4n0g
2024-10-12,Avengers: Age of Ultron,2015,https://boxd.it/3qi6
2024-10-12,Big Hero 6,2014,https://boxd.it/5rje
2024-10-12,Kingsman: The Secret Service,2014,https://boxd.it/6dxe
2024-10-12,The Amazing Spider-Man 2,2014,https://boxd.it/3utM
2024-10-12,John Wick,2014,https://boxd.it/7dEc
2024-10-12,Frozen,2013,https://boxd.it/3GNa
2024-10-12,Monsters University,2013,https://boxd.it/bQm
2024-10-12,Now You See Me,2013,https://boxd.it/2Bsu
2024-10-12,Iron Man 3,2013,https://boxd.it/2cBQ
2024-10-12,Iron Man 2,2010,https://boxd.it/1WZM
2024-10-12,Kick-Ass,2010,https://boxd.it/1zaQ
2024-10-12,Zombieland,2009,https://boxd.it/1En6
2024-10-12,Twilight,2008,https://boxd.it/1Zui
2024-10-12,Iron Man,2008,https://boxd.it/28dA
2024-10-12,Charlie and the Chocolate Factory,2005,https://boxd.it/2b68
2024-10-12,The Polar Express,2004,https://boxd.it/23am
2024-10-13,Birdman or (The Unexpected Virtue of Ignorance),2014,https://boxd.it/5RFA
2024-10-13,Lost in Translation,2003,https://boxd.it/2b0E
2024-10-13,Challengers,2024,https://boxd.it/zld0
2024-10-14,The Secret Life of Walter Mitty,2013,https://boxd.it/3SWy
2024-10-14,Pretty Woman,1990,https://boxd.it/2b6M
2024-10-15,Murder Mystery 2,2023,https://boxd.it/nHOo
2024-10-20,Lars and the Real Girl,2007,https://boxd.it/21tG
2024-10-21,Notting Hill,1999,https://boxd.it/2aeK
2024-10-24,Bridget Jones's Diary,2001,https://boxd.it/29WQ
2024-10-30,The Devil Wears Prada,2006,https://boxd.it/2awE
2024-11-01,Barbarian,2022,https://boxd.it/yohi
2024-11-04,A Man Called Otto,2022,https://boxd.it/zl06
2024-11-10,3 Days in Malay,2023,https://boxd.it/HB4k
2024-11-10,Portrait of a Lady on Fire,2019,https://boxd.it/jkPq
2024-11-25,Submarine,2010,https://boxd.it/H4a
2024-11-30,Phantom Thread,2017,https://boxd.it/e4uc
2024-11-30,"tick, tick... BOOM!",2021,https://boxd.it/jz2e
2024-12-02,Zero Dark Thirty,2012,https://boxd.it/3n1w
2024-12-09,Anora,2024,https://boxd.it/Egcw
2024-12-11,Gladiator II,2024,https://boxd.it/kqQQ
2024-12-15,The Wonderful Story of Henry Sugar,2023,https://boxd.it/yNyo
2024-12-15,Paddington,2014,https://boxd.it/3RKw
2024-12-20,Holidate,2020,https://boxd.it/mLcc
2024-12-25,The Christmas Charade,2024,https://boxd.it/QlXc
2024-12-25,If I Only Had Christmas,2020,https://boxd.it/rGys
2024-12-26,A Nonsense Christmas with Sabrina Carpenter,2024,https://boxd.it/QkR8
2024-12-26,A Charlie Brown Christmas,1965,https://boxd.it/1QDq
2024-12-26,Happy Howlidays,2024,https://boxd.it/QoTM
2024-12-26,Jingle Bell Run,2024,https://boxd.it/QoRm
2025-01-01,The Holiday,2006,https://boxd.it/28ye
2025-01-01,Almost Famous,2000,https://boxd.it/29CQ
2025-01-01,Mona Lisa Smile,2003,https://boxd.it/1T0Q
2025-01-02,Nosferatu,2024,https://boxd.it/f5eG
2025-01-05,Carry-On,2024,https://boxd.it/C0B2
2025-01-06,Horizon: An American Saga – Chapter 1,2024,https://boxd.it/z7yy
2025-01-06,The Peanuts Movie,2015,https://boxd.it/6Jci
2025-01-09,Grease,1978,https://boxd.it/29YW
2025-01-11,Mr. & Mrs. Smith,2005,https://boxd.it/29CG
2025-01-11,13 Going on 30,2004,https://boxd.it/1X6e
2025-01-14,Eternal Sunshine of the Spotless Mind,2004,https://boxd.it/6YK
2025-01-17,The Order,2024,https://boxd.it/EVrs
2025-01-19,Juror #2,2024,https://boxd.it/FRwU
2025-01-19,My Old Ass,2024,https://boxd.it/zLP0
2025-01-21,Se7en,1995,https://boxd.it/29zs
2025-01-25,The Wild Robot,2024,https://boxd.it/IWFy
2025-01-30,The Six Triple Eight,2024,https://boxd.it/Ear6
2025-02-01,Blitz,2024,https://boxd.it/xR8i
2025-02-02,Conclave,2024,https://boxd.it/AO8q
2025-02-04,What You Wish For,2023,https://boxd.it/GByC
2025-02-05,Companion,2025,https://boxd.it/F04o
2025-02-06,A Beautiful Mind,2001,https://boxd.it/2amk
2025-02-08,Little Women,2019,https://boxd.it/aSVk
2025-02-09,Sing Sing,2023,https://boxd.it/HIBA
2025-02-10,Ambulance,2022,https://boxd.it/sFxg
2025-02-11,50 First Dates,2004,https://boxd.it/285c
2025-02-12,The Fabelmans,2022,https://boxd.it/ugoM
2025-02-13,She Said,2022,https://boxd.it/vBaI
2025-02-15,Dear Evan Hansen,2021,https://boxd.it/kOP8
2025-02-16,"Be My Valentine, Charlie Brown",1975,https://boxd.it/1iso
2025-02-16,A Charlie Brown Valentine,2002,https://boxd.it/1qk8
2025-02-16,The Gorge,2025,https://boxd.it/zRqK
2025-02-17,Groundhog Day,1993,https://boxd.it/2b3e
2025-02-20,The Killer,2023,https://boxd.it/u6WE
2025-02-20,BlackBerry,2023,https://boxd.it/CoVK
2025-02-20,Dumb Money,2023,https://boxd.it/tNdU
2025-02-20,Ant-Man and the Wasp: Quantumania,2023,https://boxd.it/nL2y
2025-02-20,Solo: A Star Wars Story,2018,https://boxd.it/bGWs
2025-02-20,Doctor Strange,2016,https://boxd.it/8MH8
2025-02-20,Captain America: Civil War,2016,https://boxd.it/89Ja
2025-02-20,Kong: Skull Island,2017,https://boxd.it/9ewM
2025-02-20,The Lion King,2019,https://boxd.it/eSjI
2025-02-20,21 Jump Street,2012,https://boxd.it/J0
2025-02-20,Fantastic Beasts and Where to Find Them,2016,https://boxd.it/7FPC
2025-02-20,Minions,2015,https://boxd.it/6jCO
2025-02-20,The Social Network,2010,https://boxd.it/17ue
2025-02-20,Steve Jobs,2015,https://boxd.it/araG
2025-02-20,Chappie,2015,https://boxd.it/5Y3e
2025-02-20,Mission: Impossible – Dead Reckoning,2023,https://boxd.it/l7zS
2025-02-22,13 Hours: The Secret Soldiers of Benghazi,2016,https://boxd.it/9yzQ
2025-03-01,The Outrun,2024,https://boxd.it/txPo
2025-03-01,Saturday Night,2024,https://boxd.it/Gpfo
2025-03-01,A Real Pain,2024,https://boxd.it/CjNG
2025-03-08,The Parent Trap,1998,https://boxd.it/1XJq
2025-03-09,Ferris Bueller's Day Off,1986,https://boxd.it/1YPY
2025-03-10,Swingers,1996,https://boxd.it/1WNc
2025-03-13,Nickel Boys,2024,https://boxd.it/CStQ
2025-03-13,Past Lives,2023,https://boxd.it/oNB8
2025-03-16,One Week,1920,https://boxd.it/1zr8
2025-03-16,The Scarecrow,1920,https://boxd.it/BB8
2025-03-16,Princess Mononoke,1997,https://boxd.it/2b4w
2025-03-17,The 40 Year Old Virgin,2005,https://boxd.it/21hK
2025-03-17,The Lego Movie,2014,https://boxd.it/4pDO
2025-03-18,September 5,2024,https://boxd.it/JYsI
2025-03-18,One Day in September,1999,https://boxd.it/1esu
2025-03-19,Munich,2005,https://boxd.it/2a0e
2025-03-20,The Big Sick,2017,https://boxd.it/eHvy
2025-03-21,Sonic the Hedgehog 3,2024,https://boxd.it/zq0U
2025-03-21,Big Fish,2003,https://boxd.it/2a3M
2025-03-23,Amadeus,1984,https://boxd.it/2aH8
2025-03-24,The Truman Show,1998,https://boxd.it/18U8
2025-03-26,Rush Hour,1998,https://boxd.it/27pU
2025-03-27,Rush Hour 2,2001,https://boxd.it/23ga
2025-03-28,A Complete Unknown,2024,https://boxd.it/oBYa
2025-03-29,Black Bag,2025,https://boxd.it/KRbM
2025-03-29,Sherlock Jr.,1924,https://boxd.it/298m
2025-03-31,The Royal Tenenbaums,2001,https://boxd.it/1YHU
2025-04-01,Rush Hour 3,2007,https://boxd.it/23gk
2025-04-02,Poison,2023,https://boxd.it/Is7Q
2025-04-02,"The French Dispatch of the Liberty, Kansas Evening Sun",2021,https://boxd.it/jLP8
2025-04-05,Grand Prix,1966,https://boxd.it/1DzK
2025-04-06,Flow,2024,https://boxd.it/v1Ei
2025-04-07,"Are You There God? It's Me, Margaret.",2023,https://boxd.it/kiYC
2025-04-08,Fire of Love,2022,https://boxd.it/yoPY
2025-04-09,Paddington 2,2017,https://boxd.it/bCF8
2025-04-10,Greedy People,2024,https://boxd.it/ANiu
2025-04-11,At Eternity's Gate,2018,https://boxd.it/hI40
2025-04-12,Speed Racer,2008,https://boxd.it/20UQ
2025-04-12,Schindler's List,1993,https://boxd.it/2aq2
2025-04-12,Back to the Future,1985,https://boxd.it/2b8e
2025-04-12,The Wizard of Oz,1939,https://boxd.it/29Xu
2025-04-12,Titanic,1997,https://boxd.it/2a2k
2025-04-12,A Silent Voice: The Movie,2016,https://boxd.it/d99c
2025-04-12,Kung Fu Panda,2008,https://boxd.it/1Yws
2025-04-12,Memento,2000,https://boxd.it/2bcK
2025-04-12,Toy Story,1995,https://boxd.it/29qA
2025-04-12,The Matrix,1999,https://boxd.it/2a1m
2025-04-12,Star Wars,1977,https://boxd.it/72s
2025-04-12,Cast Away,2000,https://boxd.it/20i8
2025-04-12,Mean Girls,2004,https://boxd.it/1VNg
2025-04-12,Scarface,1983,https://boxd.it/2b7g
2025-04-12,The Avengers,2012,https://boxd.it/1xFW
2025-04-12,Prisoners,2013,https://boxd.it/4E5i
2025-04-12,The Empire Strikes Back,1980,https://boxd.it/27Vw
2025-04-12,Terminator 2: Judgment Day,1991,https://boxd.it/2aGY
2025-04-12,Shrek,2001,https://boxd.it/29zi
2025-04-12,Saving Private Ryan,1998,https://boxd.it/29ro
2025-04-12,Office Space,1999,https://boxd.it/28Em
2025-04-12,Harry Potter and the Philosopher's Stone,2001,https://boxd.it/29QS
2025-04-12,The Goonies,1985,https://boxd.it/1YVC
2025-04-12,The Fifth Element,1997,https://boxd.it/71k
2025-04-12,Mission: Impossible – Fallout,2018,https://boxd.it/bSVc
2025-04-12,The Princess Diaries,2001,https://boxd.it/1XCO
2025-04-12,Raiders of the Lost Ark,1981,https://boxd.it/2bbs
2025-04-12,Your Name.,2016,https://boxd.it/cUqs
2025-04-13,Y Tu Mamá También,2001,https://boxd.it/28QM
2025-04-14,Mickey 17,2025,https://boxd.it/q1Dk
2025-04-16,12 Angry Men,1957,https://boxd.it/2auI
2025-04-18,Ocean's Eleven,2001,https://boxd.it/2aZm
2025-04-18,"Monsters, Inc.",2001,https://boxd.it/2a46
2025-04-19,Barry Lyndon,1975,https://boxd.it/25A2
2025-04-20,Better Man,2024,https://boxd.it/u6t8
2025-04-24,The Trial of the Chicago 7,2020,https://boxd.it/kn3w
2025-04-24,50/50,2011,https://boxd.it/10Tw
2025-04-24,Looper,2012,https://boxd.it/ham
2025-04-24,The Interview,2014,https://boxd.it/6KQ4
2025-04-25,Freedom Writers,2007,https://boxd.it/28p2
2025-04-25,A Bug's Life,1998,https://boxd.it/1Yyy
2025-04-28,Clerks,1994,https://boxd.it/2706
2025-04-28,Clerks II,2006,https://boxd.it/26ZC
2025-04-28,Boston Strangler,2023,https://boxd.it/xfiY
2025-04-29,The Double,2013,https://boxd.it/4DLW
2025-04-30,The Lighthouse,2019,https://boxd.it/icFU
2025-05-03,Kiki's Delivery Service,1989,https://boxd.it/1JAY
2025-05-07,Official Secrets,2019,https://boxd.it/dLxm
2025-05-08,"Crazy, Stupid, Love.",2011,https://boxd.it/D9A
2025-05-10,Chime,2024,https://boxd.it/KiS2
2025-05-10,The Girl Next Door,2004,https://boxd.it/1VSq
2025-05-10,Election,1999,https://boxd.it/1YEc
2025-05-11,The Descendants,2011,https://boxd.it/4Ba
2025-05-11,Born to Be Blue,2015,https://boxd.it/aGYG
2025-05-12,The Pelican Brief,1993,https://boxd.it/1Xt8
2025-05-12,Slackers,2002,https://boxd.it/1EdA
2025-05-13,Premium Rush,2012,https://boxd.it/FQw
2025-05-15,Runaway Bride,1999,https://boxd.it/23Om
2025-05-19,Ticket to Paradise,2022,https://boxd.it/u8Cc
2025-05-20,About Time,2013,https://boxd.it/43bI
2025-05-23,Asteroid City,2023,https://boxd.it/s3ds
2025-05-23,The Weather Man,2005,https://boxd.it/21gM
2025-05-24,Ace Ventura: Pet Detective,1994,https://boxd.it/25RW
2025-05-25,Nick and Norah's Infinite Playlist,2008,https://boxd.it/1Slo
2025-05-26,Molly's Game,2017,https://boxd.it/dSl8
2025-05-26,Crystal Fairy & the Magical Cactus,2013,https://boxd.it/4VTa
2025-05-26,Den of Thieves 2: Pantera,2025,https://boxd.it/mjHm
2025-05-27,The Accountant,2016,https://boxd.it/9EhI
2025-05-27,The Accountant²,2025,https://boxd.it/wOm0
2025-05-27,The Woman King,2022,https://boxd.it/r9a8
2025-05-27,Scent of a Woman,1992,https://boxd.it/1YAu
2025-05-28,Murder on the Orient Express,2017,https://boxd.it/dHjA
2025-05-28,True Grit,2010,https://boxd.it/Sog
2025-05-28,Die Hard,1988,https://boxd.it/2a7u
2025-05-28,Hidden Figures,2016,https://boxd.it/dgS4
2025-05-28,I Care a Lot,2020,https://boxd.it/mcHk
2025-05-28,Adaptation.,2002,https://boxd.it/26mA
2025-05-30,Bernie,2011,https://boxd.it/3eWe
2025-05-31,Sweet Home Alabama,2002,https://boxd.it/1TDo
2025-05-31,Atonement,2007,https://boxd.it/24ui
2025-06-01,Elizabethtown,2005,https://boxd.it/1Ydq
2025-06-05,Little Manhattan,2005,https://boxd.it/1JXS
2025-06-05,What If,2013,https://boxd.it/6ljk
2025-06-05,Inheritance,2024,https://boxd.it/Nvis
2025-06-05,Easy A,2010,https://boxd.it/17DK
2025-06-05,But I'm a Cheerleader,1999,https://boxd.it/1CW4
2025-06-05,Roman Holiday,1953,https://boxd.it/29zW
2025-06-05,The Sisterhood of the Traveling Pants,2005,https://boxd.it/1XPo
2025-06-08,Trumbo,2015,https://boxd.it/9gG0
2025-06-08,Meet the Parents,2000,https://boxd.it/28vE
2025-06-08,Meet the Fockers,2004,https://boxd.it/29NE
2025-06-08,Little Fockers,2010,https://boxd.it/13Ea
2025-06-09,Joy,2024,https://boxd.it/IUU2
2025-06-09,Fried Green Tomatoes,1991,https://boxd.it/28qY
2025-06-10,Call Me by Your Name,2017,https://boxd.it/dYmm
2025-06-11,Mission: Impossible – The Final Reckoning,2025,https://boxd.it/l7A2
2025-06-13,Mountainhead,2025,https://boxd.it/Sskq
2025-06-14,A Different Man,2024,https://boxd.it/BoEC
2025-06-15,Bottoms,2023,https://boxd.it/uGf2
2025-06-15,The Ballad of Wallis Island,2025,https://boxd.it/GqT0
2025-06-15,The One and Only Herb McGwyer Plays Wallis Island,2007,https://boxd.it/bJg0
2025-06-16,Hamilton,2020,https://boxd.it/kmvE
2025-06-16,Bo Burnham: Inside,2021,https://boxd.it/v2uy
2025-06-17,"Good Morning, Vietnam",1987,https://boxd.it/29Aq
2025-06-18,The Worst Person in the World,2021,https://boxd.it/oyws
2025-06-20,The Swan,2023,https://boxd.it/Is80
2025-06-20,The Rat Catcher,2023,https://boxd.it/Is8a
2025-06-20,The Amateur,2025,https://boxd.it/F9NW
2025-06-21,Sinners,2025,https://boxd.it/KQMM
2025-06-21,Arrival,2016,https://boxd.it/aNGk
2025-06-21,The Post,2017,https://boxd.it/fTeG
2025-06-21,The Good Nurse,2022,https://boxd.it/jIXI
2025-06-21,The Zookeeper's Wife,2017,https://boxd.it/91Kc
2025-06-21,Tenet,2020,https://boxd.it/leq4
2025-06-22,Warfare,2025,https://boxd.it/LbRo
2025-06-22,What Happened Was...,1994,https://boxd.it/2WAk
2025-06-23,Rent,2005,https://boxd.it/2844
2025-06-24,Rent,2019,https://boxd.it/kpde
2025-06-25,John Tucker Must Die,2006,https://boxd.it/1Z2S
2025-06-25,The Hudsucker Proxy,1994,https://boxd.it/1SJA
2025-06-26,The Master,2012,https://boxd.it/2cBG
2025-06-28,Something's Gotta Give,2003,https://boxd.it/21gC
2025-06-29,The Great Muppet Caper,1981,https://boxd.it/1N9i
2025-06-30,Jim Henson Idea Man,2024,https://boxd.it/MwJs
2025-06-30,The Muppet Movie,1979,https://boxd.it/1UrS
2025-07-01,All the President's Men,1976,https://boxd.it/29lU
2025-07-03,High Fidelity,2000,https://boxd.it/2aMW
2025-07-04,The Intern,2015,https://boxd.it/7AOE
2025-07-05,Airplane!,1980,https://boxd.it/29yu
2025-07-06,Snatch,2000,https://boxd.it/2b7U
2025-07-06,300,2006,https://boxd.it/28XI
2025-07-06,Godzilla Minus One,2023,https://boxd.it/zu4c
2025-07-06,Me and You and Everyone We Know,2005,https://boxd.it/28RK
2025-07-06,Man on Wire,2008,https://boxd.it/1ORK
2025-07-07,American Pie,1999,https://boxd.it/27qy
2025-07-10,Me and Earl and the Dying Girl,2015,https://boxd.it/9SAE
2025-07-11,"O Brother, Where Art Thou?",2000,https://boxd.it/2b3I
2025-07-13,Quiz Show,1994,https://boxd.it/1TPa
2025-07-13,Good Boys,2019,https://boxd.it/iW1G
2025-07-14,The Italian Job,2003,https://boxd.it/1Y86
2025-07-14,The Phoenician Scheme,2025,https://boxd.it/H0Ca
2025-07-15,In the Mood for Love,2000,https://boxd.it/29tE
2025-07-15,In the Mood for Love 2001,2001,https://boxd.it/SUr0
2025-07-16,The Last Duel,2021,https://boxd.it/mQbe
2025-07-17,Rocketman,2019,https://boxd.it/iehK
2025-07-19,Mr. Brooks,2007,https://boxd.it/25nW
2025-07-20,Flight Risk,2025,https://boxd.it/GzHW
2025-07-21,Rushmore,1998,https://boxd.it/1TAO
2025-07-25,Superman,2025,https://boxd.it/E9IU
2025-07-27,The Muppets Take Manhattan,1984,https://boxd.it/1SP4
2025-07-27,The Favourite,2018,https://boxd.it/d2hI
2025-07-27,Bridge of Spies,2015,https://boxd.it/9n9C
2025-07-28,Into the Inferno,2016,https://boxd.it/cfue
2025-07-29,One Hour Photo,2002,https://boxd.it/1YT2
2025-07-29,The Kid,1921,https://boxd.it/1X5U
2025-07-30,The Jungle Book,2016,https://boxd.it/8wjk
2025-08-02,The Fantastic 4: First Steps,2025,https://boxd.it/mP6C
2025-08-03,Youth in Revolt,2009,https://boxd.it/1AK6
2025-08-07,Dark Waters,2019,https://boxd.it/kaYu
2025-08-07,"Good Night, and Good Luck.",2005,https://boxd.it/25vG
2025-08-08,Death of a Salesman,1985,https://boxd.it/1Rzu
2025-08-08,Wet Hot American Summer,2001,https://boxd.it/27hw
2025-08-09,Speed,1994,https://boxd.it/28qk
2025-08-09,Incredibles 2,2018,https://boxd.it/7IPg
2025-08-10,Only the Brave,2017,https://boxd.it/dRqw
2025-08-10,Upgrade,2018,https://boxd.it/i4gW
2025-08-10,Minority Report,2002,https://boxd.it/2aWi
2025-08-11,The Running Man,1987,https://boxd.it/29q6
2025-08-11,Kindergarten Cop,1990,https://boxd.it/29dm
2025-08-12,Days of Thunder,1990,https://boxd.it/27os
2025-08-13,Point Break,1991,https://boxd.it/2958
2025-08-15,Weapons,2025,https://boxd.it/EMTM
2025-08-18,27 Dresses,2008,https://boxd.it/21x4
2025-08-18,The Ugly Truth,2009,https://boxd.it/1CFi
2025-08-22,The Fighter,2010,https://boxd.it/PP4
2025-08-22,Leap Year,2010,https://boxd.it/1wdC
2025-08-23,Across the Universe,2007,https://boxd.it/23X4
2025-08-24,Friendship,2024,https://boxd.it/L6Dc
2025-08-25,The Report,2019,https://boxd.it/j2X2
2025-08-25,Being John Malkovich,1999,https://boxd.it/2ahu
2025-08-30,Magnolia,1999,https://boxd.it/2aze
2025-08-31,The Apprentice,2024,https://boxd.it/IPqG
2025-08-31,Brothers,2024,https://boxd.it/mNdQ
2025-09-01,Mamma Mia!,2008,https://boxd.it/1Tnq
2025-09-01,Mamma Mia! Here We Go Again,2018,https://boxd.it/gnfO
2025-09-02,Tropic Thunder,2008,https://boxd.it/20WM
2025-09-02,Training Day,2001,https://boxd.it/27A4
2025-09-02,Frances Ha,2012,https://boxd.it/41Xg
2025-09-08,Decision to Leave,2022,https://boxd.it/qp9e
2025-09-09,On the Count of Three,2021,https://boxd.it/tbfI
2025-09-09,Michael Clayton,2007,https://boxd.it/2466
2025-09-09,Bridesmaids,2011,https://boxd.it/rac
2025-09-10,Materialists,2025,https://boxd.it/GZlW
2025-09-12,Hot Potato: The Story of The Wiggles,2023,https://boxd.it/D7FM
2025-09-14,Pain and Glory,2019,https://boxd.it/iOBQ
2025-09-14,"sex, lies, and videotape",1989,https://boxd.it/28Oc
2025-09-15,Redacted,2007,https://boxd.it/1Tsg
2025-09-15,Swiss Army Man,2016,https://boxd.it/bDG2
2025-09-15,No Hard Feelings,2023,https://boxd.it/xouu
2025-09-16,Extraction,2020,https://boxd.it/jUjA
2025-09-16,Extraction 2,2023,https://boxd.it/q4Zo
2025-09-16,Happyend,2024,https://boxd.it/rnUa
2025-09-17,Columbus,2017,https://boxd.it/eCuA
2025-09-19,Deep Cover,2025,https://boxd.it/L6ec
2025-09-21,Ballerina,2025,https://boxd.it/jKqG
2025-09-21,Capote,2005,https://boxd.it/2atq
2025-09-23,Theater Camp,2023,https://boxd.it/Bfbm
2025-09-23,Prisoner of War,2025,https://boxd.it/OIQk
2025-09-24,The Life of Chuck,2024,https://boxd.it/vMTu
2025-09-25,Mission: Impossible II,2000,https://boxd.it/29cS
2025-09-26,Jiro Dreams of Sushi,2011,https://boxd.it/2ONU
2025-09-26,The Taking of Pelham 1 2 3,2009,https://boxd.it/1GS6
2025-09-26,Inside Man,2006,https://boxd.it/2auS
2025-09-26,Croupier,1998,https://boxd.it/1Rne
2025-09-26,Red Sparrow,2018,https://boxd.it/e7Pi
2025-09-26,Operation Mincemeat,2021,https://boxd.it/oAY4
2025-09-26,Red Joan,2018,https://boxd.it/hQrw
2025-09-26,Tinker Tailor Soldier Spy,2011,https://boxd.it/FRY
2025-09-26,The King's Man,2021,https://boxd.it/h714
2025-09-26,The Coldest Game,2019,https://boxd.it/lxZM
2025-09-26,The Equalizer,2014,https://boxd.it/4TUK
2025-09-26,The Girl on the Train,2016,https://boxd.it/bCJY
2025-09-26,The Red Sea Diving Resort,2019,https://boxd.it/gDWY
2025-09-26,Thank You for Your Service,2017,https://boxd.it/bFbU
2025-10-02,I'm Still Here,2024,https://boxd.it/BPEO
2025-10-02,The Birdcage,1996,https://boxd.it/1UTi
2025-10-06,Swallow,2019,https://boxd.it/lA0i
2025-10-06,Detachment,2011,https://boxd.it/2BiY
2025-10-06,The Thin Red Line,1998,https://boxd.it/1ZTM
2025-10-06,Soulmate,2023,https://boxd.it/mQQQ
2025-10-06,Suspicious Partner,2017,https://boxd.it/uQkc
2025-10-06,What's Wrong with Secretary Kim,2018,https://boxd.it/uMXk
2025-10-06,Fight for My Way,2017,https://boxd.it/uNGa
2025-10-06,Descendants of the Sun,2016,https://boxd.it/uxZg
2025-10-06,She Was Pretty,2015,https://boxd.it/uXOI
2025-10-06,"Kill Me, Heal Me",2015,https://boxd.it/uSEo
2025-10-06,The Glory,2022,https://boxd.it/FwZw
2025-10-06,Goblin,2016,https://boxd.it/uMWm
2025-10-06,Mr. Sunshine,2018,https://boxd.it/uPqS
2025-10-06,Reply 1997,2012,https://boxd.it/uSJI
2025-10-06,Cheer Up!,2015,https://boxd.it/v1Qy
2025-10-06,Strong Woman Do Bong-Soon,2017,https://boxd.it/uSzy
2025-10-06,Oh My Ghost,2015,https://boxd.it/uVOc
2025-10-06,Start-Up,2020,https://boxd.it/uMVS
2025-10-06,Lovers of Music,2014,https://boxd.it/wrqe
2025-10-06,Reply 1988,2015,https://boxd.it/uF9i
2025-10-06,Reply 1994,2013,https://boxd.it/uSJo
2025-10-06,I Am Not a Robot,2017,https://boxd.it/uSFQ
2025-10-06,School 2017,2017,https://boxd.it/uSGE
2025-10-06,Cheese in the Trap,2016,https://boxd.it/uCAU
2025-10-06,Train to Busan,2016,https://boxd.it/dSQU
2025-10-06,Weightlifting Fairy Kim Bok-joo,2016,https://boxd.it/uPpA
2025-10-06,Signal,2016,https://boxd.it/ulrQ
2025-10-06,Hotel Del Luna,2019,https://boxd.it/uDeU
2025-10-06,Memories of the Alhambra,2018,https://boxd.it/uSH8
2025-10-06,Radio Romance,2018,https://boxd.it/woeO
2025-10-07,The Thursday Murder Club,2025,https://boxd.it/rXju
2025-10-08,KPop Demon Hunters,2025,https://boxd.it/ufwK
2025-10-08,Music and Lyrics,2007,https://boxd.it/1Usw
2025-10-09,Dan in Real Life,2007,https://boxd.it/218y
2025-10-10,The Good Shepherd,2006,https://boxd.it/291g
2025-10-10,You Were Never Really Here,2017,https://boxd.it/dWOS
2025-10-10,Logan,2017,https://boxd.it/7Piy
2025-10-10,Sing Street,2016,https://boxd.it/cOo6
2025-10-10,The Death of Stalin,2017,https://boxd.it/ea9Y
2025-10-12,Mission: Impossible – Rogue Nation,2015,https://boxd.it/5rI4
2025-10-12,The Greatest Showman,2017,https://boxd.it/acjI
2025-10-12,Crazy Rich Asians,2018,https://boxd.it/gfnK
2025-10-13,There's Something About Mary,1998,https://boxd.it/2aae
2025-10-13,Norbit,2007,https://boxd.it/1XSM
2025-10-17,Swing Girls,2004,https://boxd.it/1ag0
2025-10-19,Nobody Knows,2004,https://boxd.it/26E0
2025-10-20,Ex Machina,2015,https://boxd.it/7T2k
2025-10-21,In the Name of the Father,1993,https://boxd.it/20I6
2025-10-21,Trap,2024,https://boxd.it/D4nK
2025-10-22,The Bourne Identity,2002,https://boxd.it/26EO
2025-10-28,All We Imagine as Light,2024,https://boxd.it/yXaQ
2025-10-28,The Loneliest Whale: The Search for 52,2021,https://boxd.it/uXPm
2025-10-28,Ford v Holden,2023,https://boxd.it/J1mm
2025-10-30,The Bourne Supremacy,2004,https://boxd.it/26EE
2025-10-31,The Da Vinci Code,2006,https://boxd.it/2a3i
2025-10-31,Angels & Demons,2009,https://boxd.it/1Q9K
2025-11-02,The Bourne Ultimatum,2007,https://boxd.it/26Eu
2025-11-02,A House of Dynamite,2025,https://boxd.it/NcXc
2025-11-02,Highest 2 Lowest,2025,https://boxd.it/LcIC
2025-11-02,The Unbearable Weight of Massive Talent,2022,https://boxd.it/o6eK
2025-11-03,The Day After Tomorrow,2004,https://boxd.it/2aog
2025-11-03,Bring It On,2000,https://boxd.it/28x6
2025-11-03,"It's the Great Pumpkin, Charlie Brown",1966,https://boxd.it/1Qmu
2025-11-03,Safety Last!,1923,https://boxd.it/1AkW
2025-11-03,About a Boy,2002,https://boxd.it/2aMC
2025-11-03,Waitress: The Musical,2023,https://boxd.it/G9sQ
2025-11-04,The Last Samurai,2003,https://boxd.it/29ZA
2025-11-05,Silver Linings Playbook,2012,https://boxd.it/2TTo
2025-11-06,Dick,1999,https://boxd.it/1KaC
2025-11-07,Hoodwinked!,2005,https://boxd.it/1UVS
2025-11-10,Deep Impact,1998,https://boxd.it/1ZYM
2025-11-10,Code 3,2025,https://boxd.it/JIcO
2025-11-11,Frost/Nixon,2008,https://boxd.it/1TI4
2025-11-11,The Woman in Cabin 10,2025,https://boxd.it/NfTM
2025-11-12,The Outfit,2022,https://boxd.it/u6Eq
2025-11-12,Waitress,2007,https://boxd.it/1Vt6
2025-11-13,A Private War,2018,https://boxd.it/h2Mu
2025-11-14,Jack Reacher,2012,https://boxd.it/2BUo
2025-11-15,The Zone of Interest,2023,https://boxd.it/gJsA
2025-11-15,Eighth Grade,2018,https://boxd.it/hDMG
2025-11-16,Snack Shack,2024,https://boxd.it/DeKu
2025-11-16,Not Okay,2022,https://boxd.it/vCEY
2025-11-16,Austin Powers: International Man of Mystery,1997,https://boxd.it/29y0
2025-11-16,Game Night,2018,https://boxd.it/fRtu
2025-11-16,Dungeons & Dragons: Honor Among Thieves,2023,https://boxd.it/hN1A
2025-11-16,Steve,2025,https://boxd.it/LekC
2025-11-17,The Long Walk,2025,https://boxd.it/mic8
2025-11-17,Psycho,1960,https://boxd.it/2ab2
2025-11-18,Hitchcock,2012,https://boxd.it/3LDa
2025-11-18,Here,2024,https://boxd.it/zscS
2025-11-18,Austin Powers: The Spy Who Shagged Me,1999,https://boxd.it/29xQ
2025-11-19,Roofman,2025,https://boxd.it/LcIW
2025-11-19,Sex Appeal,2022,https://boxd.it/ueoA
2025-11-20,Neighborhood Watch,2025,https://boxd.it/JSn8
2025-11-20,Fresh,2022,https://boxd.it/tCNi
2025-11-20,Licorice Pizza,2021,https://boxd.it/qTKY
2025-11-21,Flight,2012,https://boxd.it/35Ca
2025-11-21,Johnny English,2003,https://boxd.it/1YyI
2025-11-21,Shiva Baby,2020,https://boxd.it/oIv0
2025-11-22,Plus One,2019,https://boxd.it/inpo
2025-11-22,Anyone But You,2023,https://boxd.it/EzA8
2025-11-23,Tron,1982,https://boxd.it/2b9w
2025-11-23,Pretty in Pink,1986,https://boxd.it/1TEw
2025-11-23,The Baltimorons,2025,https://boxd.it/SBYa
2025-11-23,"Oh, Hi!",2025,https://boxd.it/PLns
2025-11-24,Get Away,2024,https://boxd.it/JB1O
2025-11-24,Meet Joe Black,1998,https://boxd.it/2aEI
2025-11-24,Fitzcarraldo,1982,https://boxd.it/1YV8
2025-11-24,Burden of Dreams,1982,https://boxd.it/XGk
2025-11-25,Paddleton,2019,https://boxd.it/j4YQ
2025-11-25,Triangle of Sadness,2022,https://boxd.it/hXlq
2025-11-26,Lessons of Darkness,1992,https://boxd.it/x7I
2025-11-26,Petite Maman,2021,https://boxd.it/s6je
2025-11-26,Can't Hardly Wait,1998,https://boxd.it/1MWI
2025-11-28,Relay,2024,https://boxd.it/Faee
2025-11-28,A Charlie Brown Thanksgiving,1973,https://boxd.it/1Q5I
2025-11-28,"Planes, Trains and Automobiles",1987,https://boxd.it/26zE
2025-11-28,The Pink Panther,2006,https://boxd.it/1Sys
2025-11-28,The Dig,2021,https://boxd.it/jo2i
2025-11-28,Darkest Hour,2017,https://boxd.it/dZZa
2025-11-29,One Flew Over the Cuckoo's Nest,1975,https://boxd.it/2aeA
2025-11-30,Cheaper by the Dozen,2003,https://boxd.it/1USa
2025-11-30,Man on a Ledge,2012,https://boxd.it/FQm
2025-11-30,Bergman Island,2021,https://boxd.it/h86E
2025-12-01,Beyond the Infinite Two Minutes,2020,https://boxd.it/ujVk
2025-12-04,Spy,2015,https://boxd.it/71Ks
2025-12-06,TRON: Legacy,2010,https://boxd.it/1Dlo
2025-12-06,Death Becomes Her,1992,https://boxd.it/1YQi
2025-12-06,Better Off Dead...,1985,https://boxd.it/1PFU
2025-12-07,Girl with a Pearl Earring,2003,https://boxd.it/256G
2025-12-07,Ricky Gervais Live: Animals,2003,https://boxd.it/5YcK
2025-12-07,Harvie Krumpet,2003,https://boxd.it/1Cp0
2025-12-07,Anger Management,2003,https://boxd.it/1YvO
2025-12-08,The Recruit,2003,https://boxd.it/28oS
2025-12-08,The Shape of Things,2003,https://boxd.it/1zP0
2025-12-08,Phone Booth,2002,https://boxd.it/285G
2025-12-08,Hotel Rwanda,2004,https://boxd.it/2aSA
2025-12-12,Ocean's Twelve,2004,https://boxd.it/2aZ2
2025-12-14,The Manchurian Candidate,2004,https://boxd.it/1O2M
2025-12-14,Wake Up Dead Man,2025,https://boxd.it/uAKS
2025-12-14,Hank Green: Pissing Out Cancer,2024,https://boxd.it/N6Uc
2025-12-14,I ♥ Huckabees,2004,https://boxd.it/28vk
2025-12-15,Shark Tale,2004,https://boxd.it/1VYe
2025-12-15,A Suite Holiday Romance,2025,https://boxd.it/XG0O
2025-12-15,Oy to the World,2025,https://boxd.it/XG0Y
2025-12-15,Christmas Above the Clouds,2025,https://boxd.it/XfT8
2025-12-16,Everything Christmas,2023,https://boxd.it/IMpK
2025-12-16,Hanukkah on Rye,2022,https://boxd.it/CU0c
2025-12-17,This Place Rules,2022,https://boxd.it/CJGm
2025-12-18,Garden State,2004,https://boxd.it/2asW
2025-12-20,Avatar: Fire and Ash,2025,https://boxd.it/2W7s
2025-12-20,Tom Clancy's Without Remorse,2021,https://boxd.it/kNyA
2025-12-21,Twinless,2025,https://boxd.it/LkKc
2025-12-21,Can't Buy Me Love,1987,https://boxd.it/1R4c
2025-12-22,The Assassination of Jesse James by the Coward Robert Ford,2007,https://boxd.it/24dG
2025-12-22,The Wedding Singer,1998,https://boxd.it/1USO
2025-12-22,Made of Honor,2008,https://boxd.it/1VsC
2025-12-22,The Princess Bride,1987,https://boxd.it/26EY
2025-12-23,TRON: Ares,2025,https://boxd.it/jqdM
2025-12-24,Heathers,1989,https://boxd.it/26x4
2025-12-25,Heathers: The Musical,2022,https://boxd.it/zwe4
2025-12-25,The Boat That Rocked,2009,https://boxd.it/1FZA
2025-12-25,"It's Christmastime Again, Charlie Brown",1992,https://boxd.it/1yxa
2025-12-25,The Muppet Christmas Carol,1992,https://boxd.it/1WgC
2025-12-25,Jingle All the Way,1996,https://boxd.it/1Z58
2025-12-25,The Family Stone,2005,https://boxd.it/1Zja
2025-12-25,Meet Me in St. Louis,1944,https://boxd.it/29j0
2025-12-26,Elf,2003,https://boxd.it/1VyK
2025-12-26,Haul Out the Holly,2022,https://boxd.it/CU02
2025-12-26,Christmas with the Kranks,2004,https://boxd.it/1PEW
2025-12-30,The Housemaid,2025,https://boxd.it/QFEO
2026-01-01,"Happy New Year, Charlie Brown",1986,https://boxd.it/Ad0
2026-01-01,Last Holiday,2006,https://boxd.it/1IKI
2026-01-01,Snoopy Presents: For Auld Lang Syne,2021,https://boxd.it/xg6u
2026-01-01,The Apartment,1960,https://boxd.it/2aGE
